Workbook

Sheet Form Responses 1
B1: Email Address | C1: What transect did you survey? (they are in alphabetical order by county, if your transect is not bellow, then choose "other" at the end and enter the name of the transect in the comment box at the end of this section) | D1: Date you did your survey | E1: Names of observers | F1: If this is a NEW Route: Starting Latitude (in decimal degrees), for example, the latitude for Tallahassee would be: 30.43812. You can use Google Map to get this. Right click on location, and choose "what's here". | G1: If this is a NEW Route:Starting Longitude (in decimal degrees), for example, the latitude for Tallahassee would be: -84.28158. It is negative because it is 84W. | H1: If this is a NEW Route:Ending Latitude (in decimal degrees) if this is a circular route, choose point that is farthest away from starting Latitude. | I1: If this is a NEW Route:Ending Longitude (in decimal degrees). If this is a circular route, choose point that is farthest away from starting Longitude. | J1: Route Start Time | K1: Weather: temperature (optional) | L1: Wind (optional) | M1: Rain (optional) | N1: Did you do a complete survey (all birds) or a focal survey? | O1: Any additional survey comments (if you are doing a new survey, please include its name here) | P1: American Oystercatcher (target species, remember to enter information in focal species section) | Q1: American Avocet | R1: Back-bellied Plover | S1: Dunlin | T1: Greater Yellowlegs (if not sure, put in Yellowlegs species count at end) | U1: Killdeer | V1: Least Sandpiper | W1: Lesser Yellowlegs (if not sure, put in Yellowlegs species count at end) | X1: Long-billed Curlew | Y1: Long-billed Dowitcher (if not sure, put in Dowitcher species count at end) | Z1: Short-billed Dowitcher (if not sure, put in Dowitcher species count at end) | AA1: Dowitcher (species unknown) | AB1: Marbled Godwit | AC1: Piping Plover (target species, remember to enter information in focal species section) | AD1: Red Knot (target species, remember to enter information in focal species section) | AE1: Ruddy Turnstone | AF1: Sanderling | AG1: Semi-palmated Plover | AH1: Semi-palmated Sandpiper (if not sure, put in Sandpiper species count at end) | AI1: Snowy Plover (target species, remember to enter information in focal species section) | AJ1: Spotted Sandpiper | AK1: Western Sandpiper (if not sure, put in Sandpiper species count at end) | AL1: Whimbrel | AM1: Willet | AN1: Wilson's Plover (target species, remember to enter information in focal species section) | AO1: Wilson's Snipe | AP1: Sandpiper (species unknown) | AQ1: Yellowlegs (species unknown) | AR1: Black Skimmer (target species, remember to enter information in focal species section) | AS1: Bonaparte's Gull | AT1: Brown Booby | AU1: Brown Pelican | AV1: Caspian Tern | AW1: Common Tern | AX1: Double-crested Cormorant | AY1: Forster's Tern | AZ1: Glaucous Gull | BA1: Great Black-backed Gull | BB1: Herring Gull | BC1: Laughing Gull | BD1: Lesser Black-backed Gull | BE1: Ring-billed Gull | BF1: Royal Tern | BG1: Sandwich Tern | BH1: Vega Gull | BI1: White Pelican | BJ1: Do you have group or focal points to enter data for? | BK1: Point 1 Latitude (in decimal degrees), for example, the latitude for Tallahassee would be: 30.43812. You can use Google Map to get this. Right click on location, and choose "what's here". | BL1: 1 Longitude (in decimal degrees), for example, the latitude for Tallahassee would be: -84.28158. It is negative because it is 84W. | BM1: 1 Number of American Oystercatchers (at this location) | BN1: 1 Band/Flag Codes for American Oystercatchers (for each individual list: band/flag code, orientation, color, and positions - upper left, lower left, upper right, lower right, and if you reported the band to another site) | BO1: 1 Number of Black Skimmers (at this location) | BP1: 1 Band/Flag Codes for Black Skimmers (for each individual list: band code and color and if you reported the band to another site) | BQ1: 1 Number of Piping Plovers (at this location) | BR1: 1 Band/Flag Codes for Piping Plovers (for each individual list: band/flag code, orientation, color, and positions - upper left, lower left, upper right, lower right, and if you reported the band to another site) | BS1: 1 Number of Red Knots (at this location) | BT1: 1 Band/Flag Codes for Red Knots (for each individual list: band/flag code, orientation, color, and positions - upper left, lower left, upper right, lower right, and if you reported the band to another site) | BU1: 1 Number of Snowy Plovers (at this location) | BV1: 1 Band/Flag Codes for Snowy Plover (for each individual list: band/flag code, orientation, color, and positions - upper left, lower left, upper right, lower right, and if you reported the band to another site) | BW1: 1 Number of Wilson's Plovers (at this location) | BX1: 1 Band/Flag Codes for Wilson's Plover (for each individual list: band/flag code, orientation, color, and positions - upper left, lower left, upper right, lower right, and if you reported the band to another site) | BY1: 1 Any other non-focal species you want to include and information about bands | BZ1: Do you have more group or focal points to enter? | CA1: Point 2 Latitude (in decimal degrees), for example, the latitude for Tallahassee would be: 30.43812. You can use Google Map to get this. Right click on location, and choose "what's here". | CB1: Point 2 Longitude (in decimal degrees), for example, the latitude for Tallahassee would be: -84.28158. It is negative because it is 84W. | CC1: 2 Number of American Oystercatchers (at this location) | CD1: 2 Band/Flag Codes for American Oystercatchers (for each individual list: band/flag code, orientation, color, and positions - upper left, lower left, upper right, lower right, and if you reported the band to another site) | CE1: 2 Number of Black Skimmers (at this location) | CF1: 2 Band/Flag Codes for Black Skimmers (for each individual list: band code and color and if you reported the band to another site) | CG1: 2 Number of Piping Plovers (at this location) | CH1: 2 Band/Flag Codes for Piping Plovers (for each individual list: band/flag code, orientation, color, and positions - upper left, lower left, upper right, lower right, and if you reported the band to another site) | CI1: 2 Number of Red Knots (at this location) | CJ1: 2 Band/Flag Codes for Red Knots (for each individual list: band/flag code, orientation, color, and positions - upper left, lower left, upper right, lower right, and if you reported the band to another site) | CK1: 2 Number of Snowy Plovers (at this location) | CL1: 2 Band/Flag Codes for Snowy Plover (for each individual list: band/flag code, orientation, color, and positions - upper left, lower left, upper right, lower right, and if you reported the band to another site) | CM1: 2 Number of Wilson's Plovers (at this location) | CN1: 2 Band/Flag Codes for Wilson's Plover (for each individual list: band/flag code, orientation, color, and positions - upper left, lower left, upper right, lower right, and if you reported the band to another site) | CO1: 2 Any other non-focal species you want to include and information about bands | CP1: Do you have more group or focal points to enter? | CQ1: Point 3 Latitude (in decimal degrees), for example, the latitude for Tallahassee would be: 30.43812. You can use Google Map to get this. Right click on location, and choose "what's here". | CR1: Point 3 Longitude (in decimal degrees), for example, the latitude for Tallahassee would be: -84.28158. It is negative because it is 84W. | CS1: 3 Number of American Oystercatchers (at this location) | CT1: 3 Band/Flag Codes for American Oystercatchers (for each individual list: band/flag code, orientation, color, and positions - upper left, lower left, upper right, lower right, and if you reported the band to another site) | CU1: 3 Number of Black Skimmers (at this location) | CV1: 3 Band/Flag Codes for Black Skimmers (for each individual list: band code and color and if you reported the band to another site) | CW1: 3 Number of Piping Plovers (at this location) | CX1: 3 Band/Flag Codes for Piping Plovers (for each individual list: band/flag code, orientation, color, and positions - upper left, lower left, upper right, lower right, and if you reported the band to another site) | CY1: 3 Number of Red Knots (at this location) | CZ1: 3 Band/Flag Codes for Red Knots (for each individual list: band/flag code, orientation, color, and positions - upper left, lower left, upper right, lower right, and if you reported the band to another site) | DA1: 3 Number of Snowy Plovers (at this location) | DB1: 3 Band/Flag Codes for Snowy Plover (for each individual list: band/flag code, orientation, color, and positions - upper left, lower left, upper right, lower right, and if you reported the band to another site) | DC1: 3 Number of Wilson's Plovers (at this location) | DD1: 3 Band/Flag Codes for Wilson's Plover (for each individual list: band/flag code, orientation, color, and positions - upper left, lower left, upper right, lower right, and if you reported the band to another site) | DE1: 3 Any other non-focal species you want to include and information about bands | DF1: Do you have more group or focal points to enter? | DG1: Point 4 Latitude (in decimal degrees), for example, the latitude for Tallahassee would be: 30.43812. You can use Google Map to get this. Right click on location, and choose "what's here". | DH1: Point 4 Longitude (in decimal degrees), for example, the latitude for Tallahassee would be: -84.28158. It is negative because it is 84W. | DI1: 4 Number of American Oystercatchers (at this location) | DJ1: 4 Band/Flag Codes for American Oystercatchers (for each individual list: band/flag code, orientation, color, and positions - upper left, lower left, upper right, lower right, and if you reported the band to another site) | DK1: 4 Number of Black Skimmers (at this location) | DL1: 4 Band/Flag Codes for Black Skimmers (for each individual list: band code and color and if you reported the band to another site) | DM1: 4 Number of Piping Plovers (at this location) | DN1: 4 Band/Flag Codes for Piping Plovers (for each individual list: band/flag code, orientation, color, and positions - upper left, lower left, upper right, lower right, and if you reported the band to another site) | DO1: 4 Number of Red Knots (at this location) | DP1: 4 Band/Flag Codes for Red Knots (for each individual list: band/flag code, orientation, color, and positions - upper left, lower left, upper right, lower right, and if you reported the band to another site) | DQ1: 4 Number of Snowy Plovers (at this location) | DR1: 4 Band/Flag Codes for Snowy Plover (for each individual list: band/flag code, orientation, color, and positions - upper left, lower left, upper right, lower right, and if you reported the band to another site) | DS1: 4 Number of Wilson's Plovers (at this location) | DT1: 4 Band/Flag Codes for Wilson's Plover (for each individual list: band/flag code, orientation, color, and positions - upper left, lower left, upper right, lower right, and if you reported the band to another site) | DU1: 4 Any other non-focal species you want to include and information about bands | DV1: Do you have more group or focal points to enter? | DW1: Point 5 Latitude (in decimal degrees), for example, the latitude for Tallahassee would be: 30.43812. You can use Google Map to get this. Right click on location, and choose "what's here". | DX1: Point 5 Longitude (in decimal degrees), for example, the latitude for Tallahassee would be: -84.28158. It is negative because it is 84W. | DY1: 5 Number of American Oystercatchers (at this location) | DZ1: 5 Band/Flag Codes for American Oystercatchers (for each individual list: band/flag code, orientation, color, and positions - upper left, lower left, upper right, lower right, and if you reported the band to another site) | EA1: 5 Number of Black Skimmers (at this location) | EB1: 5 Band/Flag Codes for Black Skimmers (for each individual list: band code and color and if you reported the band to another site) | EC1: 5 Number of Piping Plovers (at this location) | ED1: 5 Band/Flag Codes for Piping Plovers (for each individual list: band/flag code, orientation, color, and positions - upper left, lower left, upper right, lower right, and if you reported the band to another site) | EE1: 5 Number of Red Knots (at this location) | EF1: 5 Number of Snowy Plovers (at this location) | EG1: 5 Band/Flag Codes for Red Knots (for each individual list: band/flag code, orientation, color, and positions - upper left, lower left, upper right, lower right, and if you reported the band to another site) | EH1: 5 Band/Flag Codes for Snowy Plover (for each individual list: band/flag code, orientation, color, and positions - upper left, lower left, upper right, lower right, and if you reported the band to another site) | EI1: 5 Band/Flag Codes for Wilson's Plover (for each individual list: band/flag code, orientation, color, and positions - upper left, lower left, upper right, lower right, and if you reported the band to another site) | EJ1: 5 Number of Wilson's Plovers (at this location) | EK1: Any other non-focal species you want to include and information about bands | EL1: Do you have more group or focal points to enter? | EM1: Point 6 Latitude (in decimal degrees), for example, the latitude for Tallahassee would be: 30.43812. You can use Google Map to get this. Right click on location, and choose "what's here". | EN1: Point 6 Longitude (in decimal degrees), for example, the latitude for Tallahassee would be: -84.28158. It is negative because it is 84W. | EO1: 6 Number of American Oystercatchers (at this location) | EP1: 6 Band/Flag Codes for American Oystercatchers (for each individual list: band/flag code, orientation, color, and positions - upper left, lower left, upper right, lower right, and if you reported the band to another site) | EQ1: 6 Number of Black Skimmers (at this location) | ER1: 6 Band/Flag Codes for Black Skimmers (for each individual list: band code and color and if you reported the band to another site) | ES1: 6 Number of Piping Plovers (at this location) | ET1: 6 Band/Flag Codes for Piping Plovers (for each individual list: band/flag code, orientation, color, and positions - upper left, lower left, upper right, lower right, and if you reported the band to another site) | EU1: 6 Number of Red Knots (at this location) | EV1: 6 Band/Flag Codes for Red Knots (for each individual list: band/flag code, orientation, color, and positions - upper left, lower left, upper right, lower right, and if you reported the band to another site) | EW1: 6 Number of Snowy Plovers (at this location) | EX1: 6 Band/Flag Codes for Snowy Plover (for each individual list: band/flag code, orientation, color, and positions - upper left, lower left, upper right, lower right, and if you reported the band to another site) | EY1: 6 Number of Wilson's Plovers (at this location) | EZ1: 6 Band/Flag Codes for Wilson's Plover (for each individual list: band/flag code, orientation, color, and positions - upper left, lower left, upper right, lower right, and if you reported the band to another site) | FA1: 6 Any other non-focal species you want to include and information about bands | FB1: Do you have more group or focal points to enter? | FC1: Point 7 Latitude (in decimal degrees), for example, the latitude for Tallahassee would be: 30.43812. You can use Google Map to get this. Right click on location, and choose "what's here". | FD1: Point 7 Longitude (in decimal degrees), for example, the latitude for Tallahassee would be: -84.28158. It is negative because it is 84W. | FE1: 7 Number of American Oystercatchers (at this location) | FF1: 7 Band/Flag Codes for American Oystercatchers (for each individual list: band/flag code, orientation, color, and positions - upper left, lower left, upper right, lower right, and if you reported the band to another site) | FG1: 7 Number of Black Skimmers (at this location) | FH1: 7 Band/Flag Codes for Black Skimmers (for each individual list: band code and color and if you reported the band to another site) | FI1: 7 Number of Piping Plovers (at this location) | FJ1: 7 Band/Flag Codes for Piping Plovers (for each individual list: band/flag code, orientation, color, and positions - upper left, lower left, upper right, lower right, and if you reported the band to another site) | FK1: 8 Number of Red Knots (at this location) | FL1: 7 Band/Flag Codes for Red Knots (for each individual list: band/flag code, orientation, color, and positions - upper left, lower left, upper right, lower right, and if you reported the band to another site) | FM1: 7 Number of Snowy Plovers (at this location) | FN1: 7 Band/Flag Codes for Snowy Plover (for each individual list: band/flag code, orientation, color, and positions - upper left, lower left, upper right, lower right, and if you reported the band to another site) | FO1: 7 Number of Wilson's Plovers (at this location) | FP1: 7 Band/Flag Codes for Wilson's Plover (for each individual list: band/flag code, orientation, color, and positions - upper left, lower left, upper right, lower right, and if you reported the band to another site) | FQ1: 7 Any other non-focal species you want to include and information about bands | FR1: Do you have more group or focal points to enter? | FS1: Point 8 Latitude (in decimal degrees), for example, the latitude for Tallahassee would be: 30.43812. You can use Google Map to get this. Right click on location, and choose "what's here". | FT1: Point 8 Longitude (in decimal degrees), for example, the latitude for Tallahassee would be: -84.28158. It is negative because it is 84W. | FU1: 8 Number of American Oystercatchers (at this location) | FV1: 8 Band/Flag Codes for American Oystercatchers (for each individual list: band/flag code, orientation, color, and positions - upper left, lower left, upper right, lower right, and if you reported the band to another site) | FW1: 8 Number of Black Skimmers (at this location) | FX1: 8 Band/Flag Codes for Black Skimmers (for each individual list: band code and color and if you reported the band to another site) | FY1: 8 Number of Piping Plovers (at this location) | FZ1: 8 Band/Flag Codes for Piping Plovers (for each individual list: band/flag code, orientation, color, and positions - upper left, lower left, upper right, lower right, and if you reported the band to another site) | GA1: 8 Number of Red Knots (at this location) | GB1: 8 Band/Flag Codes for Red Knots (for each individual list: band/flag code, orientation, color, and positions - upper left, lower left, upper right, lower right, and if you reported the band to another site) | GC1: 8 Number of Snowy Plovers (at this location) | GD1: 8 Band/Flag Codes for Snowy Plover (for each individual list: band/flag code, orientation, color, and positions - upper left, lower left, upper right, lower right, and if you reported the band to another site) | GE1: 8 Number of Wilson's Plovers (at this location) | GF1: 8 Band/Flag Codes for Wilson's Plover (for each individual list: band/flag code, orientation, color, and positions - upper left, lower left, upper right, lower right, and if you reported the band to another site) | GG1: 8 Any other non-focal species you want to include and information about bands | GH1: Do you have more group or focal points to enter? | GI1: Point 9 Latitude (in decimal degrees), for example, the latitude for Tallahassee would be: 30.43812. You can use Google Map to get this. Right click on location, and choose "what's here". | GJ1: Point 9 Longitude (in decimal degrees), for example, the latitude for Tallahassee would be: -84.28158. It is negative because it is 84W. | GK1: 9 Number of American Oystercatchers (at this location) | GL1: 9 Band/Flag Codes for American Oystercatchers (for each individual list: band/flag code, orientation, color, and positions - upper left, lower left, upper right, lower right, and if you reported the band to another site) | GM1: 9 Number of Black Skimmers (at this location) | GN1: 9 Band/Flag Codes for Black Skimmers (for each individual list: band code and color and if you reported the band to another site) | GO1: 9 Number of Piping Plovers (at this location) | GP1: 9 Band/Flag Codes for Piping Plovers (for each individual list: band/flag code, orientation, color, and positions - upper left, lower left, upper right, lower right, and if you reported the band to another site) | GQ1: 9 Number of Red Knots (at this location) | GR1: 9 Band/Flag Codes for Red Knots (for each individual list: band/flag code, orientation, color, and positions - upper left, lower left, upper right, lower right, and if you reported the band to another site) | GS1: 9 Number of Snowy Plovers (at this location) | GT1: 9 Band/Flag Codes for Snowy Plover (for each individual list: band/flag code, orientation, color, and positions - upper left, lower left, upper right, lower right, and if you reported the band to another site) | GU1: 9 Number of Wilson's Plovers (at this location) | GV1: 9 Band/Flag Codes for Wilson's Plover (for each individual list: band/flag code, orientation, color, and positions - upper left, lower left, upper right, lower right, and if you reported the band to another site) | GW1: 9 Any other non-focal species you want to include and information about bands | GX1: Do you have more group or focal points to enter? | GY1: Point 10 Latitude (in decimal degrees), for example, the latitude for Tallahassee would be: 30.43812. You can use Google Map to get this. Right click on location, and choose "what's here". | GZ1: Point 10 Longitude (in decimal degrees), for example, the latitude for Tallahassee would be: -84.28158. It is negative because it is 84W. | HA1: 10 Number of American Oystercatchers (at this location) | HB1: 10 Band/Flag Codes for American Oystercatchers (for each individual list: band/flag code, orientation, color, and positions - upper left, lower left, upper right, lower right, and if you reported the band to another site) | HC1: 10 Number of Black Skimmers (at this location) | HD1: 10 Band/Flag Codes for Black Skimmers (for each individual list: band code and color and if you reported the band to another site) | HE1: 10 Number of Piping Plovers (at this location) | HF1: 10 Band/Flag Codes for Piping Plovers (for each individual list: band/flag code, orientation, color, and positions - upper left, lower left, upper right, lower right, and if you reported the band to another site) | HG1: 10 Number of Red Knots (at this location) | HH1: 10 Band/Flag Codes for Red Knots (for each individual list: band/flag code, orientation, color, and positions - upper left, lower left, upper right, lower right, and if you reported the band to another site) | HI1: 10 Number of Snowy Plovers (at this location) | HJ1: 10 Band/Flag Codes for Snowy Plover (for each individual list: band/flag code, orientation, color, and positions - upper left, lower left, upper right, lower right, and if you reported the band to another site) | HK1: 10 Number of Wilson's Plovers (at this location) | HL1: 10 Band/Flag Codes for Wilson's Plover (for each individual list: band/flag code, orientation, color, and positions - upper left, lower left, upper right, lower right, and if you reported the band to another site) | HM1: 10 Any other non-focal species you want to include and information about bands | HN1: Do you have more group or focal points to enter? | HO1: Point 11 Latitude (in decimal degrees), for example, the latitude for Tallahassee would be: 30.43812. You can use Google Map to get this. Right click on location, and choose "what's here". | HP1: Point 11 Longitude (in decimal degrees), for example, the latitude for Tallahassee would be: -84.28158. It is negative because it is 84W. | HQ1: 11 Number of American Oystercatchers (at this location) | HR1: 11 Band/Flag Codes for American Oystercatchers (for each individual list: band/flag code, orientation, color, and positions - upper left, lower left, upper right, lower right, and if you reported the band to another site) | HS1: 11 Number of Black Skimmers (at this location) | HT1: 11 Band/Flag Codes for Black Skimmers (for each individual list: band code and color and if you reported the band to another site) | HU1: 11 Number of Piping Plovers (at this location) | HV1: 11 Band/Flag Codes for Piping Plovers (for each individual list: band/flag code, orientation, color, and positions - upper left, lower left, upper right, lower right, and if you reported the band to another site) | HW1: 11 Number of Red Knots (at this location) | HX1: 11 Band/Flag Codes for Red Knots (for each individual list: band/flag code, orientation, color, and positions - upper left, lower left, upper right, lower right, and if you reported the band to another site) | HY1: 11 Number of Snowy Plovers (at this location) | HZ1: 11 Band/Flag Codes for Snowy Plover (for each individual list: band/flag code, orientation, color, and positions - upper left, lower left, upper right, lower right, and if you reported the band to another site) | IA1: 11 Number of Wilson's Plovers (at this location) | IB1: 11 Band/Flag Codes for Wilson's Plover (for each individual list: band/flag code, orientation, color, and positions - upper left, lower left, upper right, lower right, and if you reported the band to another site) | IC1: 11 Any other non-focal species you want to include and information about bands | ID1: Do you have more group or focal points to enter? | IE1: Point 12 Latitude (in decimal degrees), for example, the latitude for Tallahassee would be: 30.43812. You can use Google Map to get this. Right click on location, and choose "what's here". | IF1: Point 12 Longitude (in decimal degrees), for example, the latitude for Tallahassee would be: -84.28158. It is negative because it is 84W. | IG1: 12 Number of American Oystercatchers (at this location) | IH1: 12 Band/Flag Codes for American Oystercatchers (for each individual list: band/flag code, orientation, color, and positions - upper left, lower left, upper right, lower right, and if you reported the band to another site) | II1: 12 Number of Black Skimmers (at this location) | IJ1: 12 Band/Flag Codes for Black Skimmers (for each individual list: band code and color and if you reported the band to another site) | IK1: 12 Number of Piping Plovers (at this location) | IL1: 12 Band/Flag Codes for Piping Plovers (for each individual list: band/flag code, orientation, color, and positions - upper left, lower left, upper right, lower right, and if you reported the band to another site) | IM1: 12 Number of Red Knots (at this location) | IN1: 12 Band/Flag Codes for Red Knots (for each individual list: band/flag code, orientation, color, and positions - upper left, lower left, upper right, lower right, and if you reported the band to another site) | IO1: 12 Number of Snowy Plovers (at this location) | IP1: 12 Band/Flag Codes for Snowy Plover (for each individual list: band/flag code, orientation, color, and positions - upper left, lower left, upper right, lower right, and if you reported the band to another site) | IQ1: 12 Number of Wilson's Plovers (at this location) | IR1: 12 Band/Flag Codes for Wilson's Plover (for each individual list: band/flag code, orientation, color, and positions - upper left, lower left, upper right, lower right, and if you reported the band to another site) | IS1: 12 Any other non-focal species you want to include and information about bands | IT1: Do you have more group or focal points to enter? | IU1: Point 13 Latitude (in decimal degrees), for example, the latitude for Tallahassee would be: 30.43812. You can use Google Map to get this. Right click on location, and choose "what's here". | IV1: Point 13 Longitude (in decimal degrees), for example, the latitude for Tallahassee would be: -84.28158. It is negative because it is 84W. | IW1: 13 Number of American Oystercatchers (at this location) | IX1: 13 Band/Flag Codes for American Oystercatchers (for each individual list: band/flag code, orientation, color, and positions - upper left, lower left, upper right, lower right, and if you reported the band to another site) | IY1: 13 Number of Black Skimmers (at this location) | IZ1: 13 Band/Flag Codes for Black Skimmers (for each individual list: band code and color and if you reported the band to another site) | JA1: 13 Number of Piping Plovers (at this location) | JB1: 13 Band/Flag Codes for Piping Plovers (for each individual list: band/flag code, orientation, color, and positions - upper left, lower left, upper right, lower right, and if you reported the band to another site) | JC1: 13 Number of Red Knots (at this location) | JD1: 13 Band/Flag Codes for Red Knots (for each individual list: band/flag code, orientation, color, and positions - upper left, lower left, upper right, lower right, and if you reported the band to another site) | JE1: 13 Number of Snowy Plovers (at this location) | JF1: 13 Band/Flag Codes for Snowy Plover (for each individual list: band/flag code, orientation, color, and positions - upper left, lower left, upper right, lower right, and if you reported the band to another site) | JG1: 13 Number of Wilson's Plovers (at this location) | JH1: 13 Band/Flag Codes for Wilson's Plover (for each individual list: band/flag code, orientation, color, and positions - upper left, lower left, upper right, lower right, and if you reported the band to another site) | JI1: 13 Any other non-focal species you want to include and information about bands | JJ1: Do you have more group or focal points to enter? | JK1: Point 14 Latitude (in decimal degrees), for example, the latitude for Tallahassee would be: 30.43812. You can use Google Map to get this. Right click on location, and choose "what's here". | JL1: Point 14 Longitude (in decimal degrees), for example, the latitude for Tallahassee would be: -84.28158. It is negative because it is 84W. | JM1: 14 Number of American Oystercatchers (at this location) | JN1: 14 Band/Flag Codes for American Oystercatchers (for each individual list: band/flag code, orientation, color, and positions - upper left, lower left, upper right, lower right, and if you reported the band to another site) | JO1: 14 Number of Black Skimmers (at this location) | JP1: 14 Band/Flag Codes for Black Skimmers (for each individual list: band code and color and if you reported the band to another site) | JQ1: 14 Number of Piping Plovers (at this location) | JR1: 14 Band/Flag Codes for Piping Plovers (for each individual list: band/flag code, orientation, color, and positions - upper left, lower left, upper right, lower right, and if you reported the band to another site) | JS1: 14 Number of Red Knots (at this location) | JT1: 14 Band/Flag Codes for Red Knots (for each individual list: band/flag code, orientation, color, and positions - upper left, lower left, upper right, lower right, and if you reported the band to another site) | JU1: 14 Number of Snowy Plovers (at this location) | JV1: 14 Number of Wilson's Plovers (at this location) | JW1: 14 Band/Flag Codes for Snowy Plover (for each individual list: band/flag code, orientation, color, and positions - upper left, lower left, upper right, lower right, and if you reported the band to another site) | JX1: 14 Band/Flag Codes for Wilson's Plover (for each individual list: band/flag code, orientation, color, and positions - upper left, lower left, upper right, lower right, and if you reported the band to another site) | JY1: 14 Any other non-focal species you want to include and information about bands | JZ1: Do you have more group or focal points to enter? | KA1: Point 15 Latitude (in decimal degrees), for example, the latitude for Tallahassee would be: 30.43812. You can use Google Map to get this. Right click on location, and choose "what's here". | KB1: Point 15 Longitude (in decimal degrees), for example, the latitude for Tallahassee would be: -84.28158. It is negative because it is 84W. | KC1: 15 Number of American Oystercatchers (at this location) | KD1: 15 Band/Flag Codes for American Oystercatchers (for each individual list: band/flag code, orientation, color, and positions - upper left, lower left, upper right, lower right, and if you reported the band to another site) | KE1: 15 Number of Black Skimmers (at this location) | KF1: 15 Band/Flag Codes for Black Skimmers (for each individual list: band code and color and if you reported the band to another site) | KG1: 15 Number of Piping Plovers (at this location) | KH1: 15 Band/Flag Codes for Piping Plovers (for each individual list: band/flag code, orientation, color, and positions - upper left, lower left, upper right, lower right, and if you reported the band to another site) | KI1: 15 Number of Red Knots (at this location) | KJ1: 15 Band/Flag Codes for Red Knots (for each individual list: band/flag code, orientation, color, and positions - upper left, lower left, upper right, lower right, and if you reported the band to another site) | KK1: 15 Number of Snowy Plovers (at this location) | KL1: 15 Band/Flag Codes for Snowy Plover (for each individual list: band/flag code, orientation, color, and positions - upper left, lower left, upper right, lower right, and if you reported the band to another site) | KM1: 15 Number of Wilson's Plovers (at this location) | KN1: 15 Band/Flag Codes for Wilson's Plover (for each individual list: band/flag code, orientation, color, and positions - upper left, lower left, upper right, lower right, and if you reported the band to another site) | KO1: 15 Any other non-focal species you want to include and information about bands | KP1: Do you have more group or focal points to enter? | KQ1: Point 16 Latitude (in decimal degrees), for example, the latitude for Tallahassee would be: 30.43812. You can use Google Map to get this. Right click on location, and choose "what's here". | KR1: Point 16 Longitude (in decimal degrees), for example, the latitude for Tallahassee would be: -84.28158. It is negative because it is 84W. | KS1: 16 Number of American Oystercatchers (at this location) | KT1: 16 Band/Flag Codes for American Oystercatchers (for each individual list: band/flag code, orientation, color, and positions - upper left, lower left, upper right, lower right, and if you reported the band to another site) | KU1: 16 Number of Black Skimmers (at this location) | KV1: 16 Band/Flag Codes for Black Skimmers (for each individual list: band code and color and if you reported the band to another site) | KW1: 16 Number of Piping Plovers (at this location) | KX1: 16 Band/Flag Codes for Piping Plovers (for each individual list: band/flag code, orientation, color, and positions - upper left, lower left, upper right, lower right, and if you reported the band to another site) | KY1: 16 Number of Red Knots (at this location) | KZ1: 16 Band/Flag Codes for Red Knots (for each individual list: band/flag code, orientation, color, and positions - upper left, lower left, upper right, lower right, and if you reported the band to another site) | LA1: 16 Number of Snowy Plovers (at this location) | LB1: 16 Band/Flag Codes for Snowy Plover (for each individual list: band/flag code, orientation, color, and positions - upper left, lower left, upper right, lower right, and if you reported the band to another site) | LC1: 16 Band/Flag Codes for Wilson's Plover (for each individual list: band/flag code, orientation, color, and positions - upper left, lower left, upper right, lower right, and if you reported the band to another site) | LD1: 16 Number of Wilson's Plovers (at this location) | LE1: Any other non-focal species you want to include and information about bands | LF1: Do you have more group or focal points to enter? | LG1: Point 17 Latitude (in decimal degrees), for example, the latitude for Tallahassee would be: 30.43812. You can use Google Map to get this. Right click on location, and choose "what's here". | LH1: Point 17 Longitude (in decimal degrees), for example, the latitude for Tallahassee would be: -84.28158. It is negative because it is 84W. | LI1: 17 Number of American Oystercatchers (at this location) | LJ1: 17 Band/Flag Codes for American Oystercatchers (for each individual list: band/flag code, orientation, color, and positions - upper left, lower left, upper right, lower right, and if you reported the band to another site) | LK1: 17 Number of Black Skimmers (at this location) | LL1: 17 Band/Flag Codes for Black Skimmers (for each individual list: band code and color and if you reported the band to another site) | LM1: 17 Number of Piping Plovers (at this location) | LN1: 17 Band/Flag Codes for Piping Plovers (for each individual list: band/flag code, orientation, color, and positions - upper left, lower left, upper right, lower right, and if you reported the band to another site) | LO1: 17 Number of Red Knots (at this location) | LP1: 17 Band/Flag Codes for Red Knots (for each individual list: band/flag code, orientation, color, and positions - upper left, lower left, upper right, lower right, and if you reported the band to another site) | LQ1: 17 Number of Snowy Plovers (at this location) | LR1: 17 Band/Flag Codes for Snowy Plover (for each individual list: band/flag code, orientation, color, and positions - upper left, lower left, upper right, lower right, and if you reported the band to another site) | LS1: 17 Number of Wilson's Plovers (at this location) | LT1: 17 Band/Flag Codes for Wilson's Plover (for each individual list: band/flag code, orientation, color, and positions - upper left, lower left, upper right, lower right, and if you reported the band to another site) | LU1: 17 Any other non-focal species you want to include and information about bands | LV1: Do you have more group or focal points to enter? | LW1: Point 18 Latitude (in decimal degrees), for example, the latitude for Tallahassee would be: 30.43812. You can use Google Map to get this. Right click on location, and choose "what's here". | LX1: Point 18 Longitude (in decimal degrees), for example, the latitude for Tallahassee would be: -84.28158. It is negative because it is 84W. | LY1: 18 Number of American Oystercatchers (at this location) | LZ1: 18 Band/Flag Codes for American Oystercatchers (for each individual list: band/flag code, orientation, color, and positions - upper left, lower left, upper right, lower right, and if you reported the band to another site) | MA1: 18 Number of Black Skimmers (at this location) | MB1: 18 Band/Flag Codes for Black Skimmers (for each individual list: band code and color and if you reported the band to another site) | MC1: 18 Number of Piping Plovers (at this location) | MD1: 18 Band/Flag Codes for Piping Plovers (for each individual list: band/flag code, orientation, color, and positions - upper left, lower left, upper right, lower right, and if you reported the band to another site) | ME1: 18 Number of Red Knots (at this location) | MF1: 18 Band/Flag Codes for Red Knots (for each individual list: band/flag code, orientation, color, and positions - upper left, lower left, upper right, lower right, and if you reported the band to another site) | MG1: 18 Number of Snowy Plovers (at this location) | MH1: 18 Band/Flag Codes for Snowy Plover (for each individual list: band/flag code, orientation, color, and positions - upper left, lower left, upper right, lower right, and if you reported the band to another site) | MI1: 18 Number of Wilson's Plovers (at this location) | MJ1: 18 Band/Flag Codes for Wilson's Plover (for each individual list: band/flag code, orientation, color, and positions - upper left, lower left, upper right, lower right, and if you reported the band to another site) | MK1: Any other non-focal species you want to include and information about bands | ML1: Do you have more group or focal points to enter? | MM1: Point 19 Latitude (in decimal degrees), for example, the latitude for Tallahassee would be: 30.43812. You can use Google Map to get this. Right click on location, and choose "what's here". | MN1: Point 19 Longitude (in decimal degrees), for example, the latitude for Tallahassee would be: -84.28158. It is negative because it is 84W. | MO1: 19 Number of American Oystercatchers (at this location) | MP1: 19 Band/Flag Codes for American Oystercatchers (for each individual list: band/flag code, orientation, color, and positions - upper left, lower left, upper right, lower right, and if you reported the band to another site) | MQ1: 19 Number of Black Skimmers (at this location) | MR1: 19 Band/Flag Codes for Black Skimmers (for each individual list: band code and color and if you reported the band to another site) | MS1: 19 Number of Piping Plovers (at this location) | MT1: 19 Band/Flag Codes for Piping Plovers (for each individual list: band/flag code, orientation, color, and positions - upper left, lower left, upper right, lower right, and if you reported the band to another site) | MU1: 19 Number of Red Knots (at this location) | MV1: 19 Band/Flag Codes for Red Knots (for each individual list: band/flag code, orientation, color, and positions - upper left, lower left, upper right, lower right, and if you reported the band to another site) | MW1: 19 Number of Snowy Plovers (at this location) | MX1: 19 Band/Flag Codes for Snowy Plover (for each individual list: band/flag code, orientation, color, and positions - upper left, lower left, upper right, lower right, and if you reported the band to another site) | MY1: 19 Number of Wilson's Plovers (at this location) | MZ1: 19 Band/Flag Codes for Wilson's Plover (for each individual list: band/flag code, orientation, color, and positions - upper left, lower left, upper right, lower right, and if you reported the band to another site) | NA1: 19 Any other non-focal species you want to include and information about bands | NB1: If you have more focal points to enter, just put them in the box below and hit enter when you are ready to submit.
Y2: =SUM(Y4:Y278) -> 1297 | Z2: =SUM(Z4:Z278) -> 4170 | AA2: =SUM(AA4:AA278) -> 444
Y3: =COUNT(Y4:Y278) -> 12 | Z3: =COUNT(Z4:Z278) -> 32 | AA3: =COUNT(AA4:AA278) -> 4
A4: 43506.828 | B4: president@sevolusiaaudubon.org | C4: =O4 -> 27th Ave beachside New Smyrna Beach to NSB jetty at Ponce Inlet, Volusia County | D4: 43497 | E4: Don Picard, Richard Fasse | F4: 29.00969 | G4: -80.8779 | H4: 29.07278 | I4: -80.9125 | J4: 0.020833333 | K4: 60-70F | L4: Light Wind | M4: No Rain | N4: All birds (includes focal and banded) | O4: 27th Ave beachside New Smyrna Beach to NSB jetty at Ponce Inlet, Volusia County | P4: 0 | R4: 1 | AD4: 11 | AE4: 33 | AF4: 33 | AM4: 14 | AR4: 221 | AU4: 3 | AY4: 22 | BA4: 7 | BB4: 54 | BC4: 133 | BE4: 81 | BF4: 111 | BG4: 1 | BJ4: Yes | BK4: 29.044636 | BL4: -80.897745 | BM4: 0 | BN4: 0 | BO4: 221 | BP4: 0 | BQ4: 0 | BR4: 0 | BS4: 0 | BT4: 0 | BU4: 0 | BV4: 0 | BW4: 0 | BX4: 0 | BY4: 0 | BZ4: No, I didn't see any additional focal species
A5: 43500.788 | B5: donlocomm@aol.com | C5: 3-D, County=Hillsborough | D5: 43500 | E5: Lorraine Margeson Morgan Parks | J5: 0.30208333 | K5: 60-70F | L5: Calm | N5: All birds (includes focal and banded) | P5: 5 | AU5: 27 | AX5: 2 | BB5: 8 | BC5: 30 | BE5: 5 | BI5: 15 | BJ5: Yes | BK5: 27.822852 | BL5: -82.431822 | BM5: 3 | BZ5: Yes | CA5: 27.834068 | CB5: -82.440688 | CC5: 2 | CP5: No, I didn't see any more focal species
A6: 43513.906 | B6: bgarret@sfwmd.gov | C6: A1-FEB, County=Palm Beach | D6: 43497 | E6: Dan O'Malley, Brian Garrett, Doreen LePage | J6: 0.3125 | K6: 50-60F | L6: Light Wind | M6: No Rain | N6: All birds (includes focal and banded) | T6: 43 | U6: 38 | V6: 75 | W6: 12 | Y6: 200 | AP6: 12 | AV6: 128 | AX6: 350 | BI6: 525 | BJ6: No, I didn't see any focal species
A7: 43501.337 | B7: sam@ecological-associates.com | C7: ACNWR Golden Sands-Ambersands, County=Indian River | D7: 43500 | E7: Samantha Pessolano, Joseph Pessolano, Ryan Dulfer | J7: 0.375 | K7: 60-70F | L7: Light Wind | M7: No Rain | N7: All birds (includes focal and banded) | P7: 0 | AF7: 60 | AH7: 00 | AM7: 26 | BB7: 11 | BC7: 10 | BE7: 26 | BJ7: No, I didn't see any focal species
A8: 43508.331 | B8: sam@ecological-associates.com | C8: ACNWR Golden Sands-Ambersands, County=Indian River | D8: 43500 | E8: Samantha Pessolano, Joseph Pessolano, Ryan Dulfer | J8: 0.375 | K8: 60-70F | L8: Light Wind | M8: No Rain | N8: All birds (includes focal and banded) | AF8: 60 | AM8: 26 | BB8: 11 | BC8: 10 | BE8: 26 | BJ8: No, I didn't see any focal species
A9: 43523.402 | B9: pmaleko@ufl.edu | C9: Alligator Harbor North, County=Franklin | D9: 43502 | E9: Phillip Maleko | J9: 0.39375 | K9: 60-70F | L9: Calm | M9: No Rain | N9: All birds (includes focal and banded) | P9: 0 | S9: 10 | AE9: 1 | AG9: 31 | AS9: 7 | AY9: 2 | BF9: 3 | BJ9: No, I didn't see any focal species
A10: 43503.64 | B10: southmoonunder@mchsi.com | C10: =O10 -> Alligator Point - Mud Cove (route listed but no lat./long. in spreadsheet) | D10: 43502 | E10: John Murphy | F10: 29.89807 | G10: -84.34664 | H10: 29.89503 | I10: -84.36929 | J10: 0.3125 | K10: 50-60F | L10: Light Wind | M10: No Rain | N10: All birds (includes focal and banded) | O10: Alligator Point - Mud Cove (route listed but no lat./long. in spreadsheet) | P10: 1 | R10: 2 | AF10: 8 | AM10: 9 | AS10: 2 | AU10: 36 | AV10: 4 | AX10: 45 | AY10: 40 | BB10: 2 | BE10: 44 | BF10: 25 | BJ10: Yes | BK10: 29.89776 | BL10: -84.34716 | BM10: 1 | BN10: n/a | BO10: 0 | BQ10: 0 | BS10: 0 | BU10: 0 | BW10: 0 | BZ10: No, I didn't see any additional focal species
A11: 43503.301 | B11: marvin.friel@myfwc.com | C11: Alligator Point, County=Franklin | D11: 43502 | E11: Marvin Friel, Molly Tuma, Philip Makela | J11: 0.53472222 | K11: 70-80F | L11: Calm | M11: No Rain | N11: All birds (includes focal and banded) | P11: 7 | R11: 45 | S11: 2 | T11: 6 | AB11: 19 | AD11: 20 | AE11: 15 | AF11: 230 | AG11: 1 | AI11: 7 | AM11: 189 | AR11: 82 | AU11: 3 | AV11: 11 | AX11: 2 | AY11: 37 | BB11: 3 | BE11: 126 | BJ11: Yes | BK11: 29.90843 | BL11: -84.43123 | BM11: 2 | BN11: unbanded | BZ11: Yes | CA11: 29.914 | CB11: -84.4412 | CK11: 2 | CL11: S//W:BK female & X:X male | CO11: RUTU 3 | CP11: Yes | CQ11: 29.91501 | CR11: -84.44186 | DA11: 5 | DB11: BG:S(K/W)// female; b//K:b//K male; X:X female but missing lower right foot, (stump but walks and runs without much limp); X:X female, X:X male | DF11: Yes | DG11: 29.91864 | DH11: -84.44122 | DI11: 5 | DJ11: all unbanded, 4 paired up and one single individual | DK11: 82 | DL11: none | DM11: 0 | DO11: 20 | DP11: none | DU11: SAND 140, FOTE 37, WILL 180, BBPL 35, RBGU 110, HERG 3, CATE 7, BRPE 3, DUNL 2, RUTU 4, GRYE 6 | DV11: No, I didn't see any more focal species
A12: 43524.443 | B12: allison.conboy@FloridaDEP.gov | C12: Amelia Island State Park, County=Nassau | D12: 43497 | E12: Allison Conboy | F12: 30.52201 | G12: -81.44476 | H12: 30.53021 | I12: -81.43694 | J12: 0.34513889 | K12: 50-60F | L12: Medium Wind | M12: Light Rain | N12: All birds (includes focal and banded) | O12: cloudy, cool, 55 degrees with intermittent light rain. Ongoing beach renourishment project along Atlantic shoreline included presence of dredging equipment and heavy equipment operators. Large numbers of shorebirds camped out behind sand berm adjacent to outflow pipe sheltering from north wind. | P12: 0 | S12: 2 | AC12: 14 | AE12: 8 | AF12: 61 | AG12: 771 | AM12: 17 | AN12: 17 | AR12: 74 | AS12: 19 | AU12: 8 | AY12: 50 | BA12: 1 | BB12: 95 | BC12: 111 | BE12: 16 | BF12: 14 | BJ12: Yes | BK12: 30.51493 | BL12: -81.43837 | BM12: 0 | BN12: na | BO12: 74 | BP12: no bands visible | BQ12: 0 | BR12: na | BS12: 0 | BT12: na | BU12: 0 | BV12: na | BW12: 0 | BX12: na | BY12: Large mixed roosting flock of gulls, terns, pelican and skimmers at southern point. no bands visible | BZ12: Yes | CA12: 30.5173 | CB12: -81.43525 | CC12: 0 | CD12: na | CE12: 0 | CF12: na | CG12: 11 | CH12: 1. Wf[MA];_:m,_. 2. Of,bR(fade):x,G. 3. Gf[76E],_xO,_. 4. x,B/R:_,bluedot | CI12: 0 | CJ12: na | CL12: 0 | CM12: 0 | CN12: na | CO12: Foraging along shoreline; hard to get clear readings on all bands. Blue dot is orange band with blue dot in center. | CP12: Yes | CQ12: 30.51788 | CR12: -81.43475 | CS12: 0 | CT12: na | CU12: 0 | CV12: na | CW12: 1 | CX12: not banded | CY12: 0 | CZ12: na | DA12: 0 | DB12: na | DC12: 17 | DD12: no bands visible | DE12: Large roosting mixed flock with 770 Semipalmated Plovers, 17 Wilson's Plovers, 1 Piping Plover, 35 Sanderling, 5 Ruddy Turnstones and 2 Dunlin. Roosting south and behind dredging sand berm pile to avoid north wind. No bands visible or readable. | DF12: Yes | DG12: 30.5183 | DH12: -81.4342 | DI12: 0 | DJ12: na | DK12: 0 | DL12: na | DM12: 2 | DN12: none banded | DO12: 0 | DP12: na | DQ12: 0 | DR12: na | DS12: 0 | DT12: na | DU12: 2 PIPL foraging along shoreline by dredge outflow. Not banded. | DV12: No, I didn't see any more focal species
A13: 43506.466 | B13: Janell.Brush@myfwc.com | C13: Amelia River ICW | D13: 43503 | E13: Pat Leary, Doris Leary | F13: 30.703184 | G13: -81.480606 | H13: 30.558113 | I13: -81.470645 | J13: 0.36805556 | K13: 50-60F | L13: Light Wind | M13: No Rain | N13: All birds (includes focal and banded) | O13: Route Name = Amelia River ICW. Encountered large flocks of mixed shorebird species (>2,500 total). Was not able to directly count these birds, mostly composed of BBPL, DUNL, WESA, SEPL, LESA, RUTU, SBDO instead entered min counts for these species. This way they show up in the list but counts for these species are not representative of the actual numbers of individuals observed along this route. | P13: 145 | R13: 100 | S13: 1000 | V13: 100 | Z13: 500 | AE13: 100 | AG13: 100 | AK13: 1000 | AM13: 88 | AR13: 1 | BJ13: Yes | BK13: 30.703184 | BL13: -81.480606 | BM13: 56 | BN13: 8 banded - submitted to AMOY WG | BO13: 1 | BZ13: Yes | CA13: 30.616075 | CB13: -81.489897 | CC13: 9 | CD13: 1 banded - submitted to AMOY WG | CP13: Yes | CQ13: 30.578738 | CR13: -81.460988 | CS13: 78 | CT13: 1 read and submitted to AMOY WG - more but concealed by dock edge | DF13: Yes | DG13: 30.558113 | DH13: -81.470645 | DI13: 2 | DJ13: 1 banded and submitted to AMOY WG | DV13: No, I didn't see any more focal species
A14: 43503.612 | B14: mypuffins@gmail.com | C14: Anastasia State Park Back Bay, County=St. Johns | D14: 43501 | E14: S. Killeen, J. DePue, D. Jones, J. Olbert | J14: 0.072916667 | K14: 70-80F | L14: Light Wind | M14: No Rain | N14: All birds (includes focal and banded) | R14: 3 | AE14: 2 | AF14: 7 | AG14: 55 | AU14: 2 | AX14: 5 | BC14: 3 | BE14: 3 | BF14: 6 | BJ14: No, I didn't see any focal species
A15: 43503.608 | B15: mypuffins@gmail.com | C15: Anastasia State Park Beach, County=St. Johns | D15: 43501 | E15: S. Killeen, J. DePue, D. Jones, J. Olbert | J15: 0.01875 | K15: 70-80F | L15: Light Wind | M15: No Rain | N15: All birds (includes focal and banded) | R15: 7 | S15: 86 | V15: 2 | AD15: 32 | AE15: 18 | AF15: 53 | AG15: 561 | AK15: 118 | AM15: 4 | AN15: 23 | AR15: 3 | AU15: 17 | AX15: 2 | AY15: 4 | BB15: 1 | BC15: 34 | BD15: 1 | BE15: 12 | BF15: 47 | BJ15: Yes | BK15: 29.86812 | BL15: -81.26827 | BO15: 3 | BP15: None banded | BY15: 2 BBPL, 11ROYT (1 banded USFWS Right leg; 1 banded USFWS left leg), 4 FOTE, 6 Sand, 2 RUTU, 1 WILL, 7 RBGU, 13 LAGU | BZ15: Yes | CA15: 29.87019 | CB15: -81.26926 | CM15: 9 | CN15: NO BANDS NOTED | CO15: 103 SEPL, 8 SAND, 6 DUNL, 2 RUTU, 3 WESA, 3 BBPL, 1 WILL | CP15: Yes | CQ15: 29.87888 | CR15: -81.27171 | CY15: 4 | CZ15: NO BANDS NOTED | DC15: 12 | DD15: NO BANDS NOTED birds were resting in the dunes | DE15: 393 SEPL, 79 DUNL, 27 SAND, 6 RUTU, 111 WESA, 2 LESA, 2 BBPL, 1 LBBG, 1 HERG, 2 WILL | DF15: Yes | DG15: 29.8952 | DH15: -81.2759 | DS15: 2 | DT15: NOT BANDED | DV15: Yes | DW15: 29.90197 | DX15: -81.27676 | EE15: 32 | EG15: NO BANDS NOTED | EL15: No, I didn't see any focal species
A16: 43503.636 | B16: mypuffins@gmail.com | C16: Anastasia State Park Beach, County=St. Johns | D16: 43501 | E16: S. Killeen, J. Depue, D. Jones, J. Olbert | J16: 0.01875 | K16: 70-80F | L16: Light Wind | M16: No Rain | N16: All birds (includes focal and banded) | O16: Porpoise Point | R16: 7 | S16: 86 | V16: 2 | AD16: 32 | AE16: 18 | AF16: 53 | AG16: 561 | AK16: 118 | AM16: 4 | AN16: 23 | AR16: 3 | AU16: 17 | AX16: 2 | AY16: 4 | BB16: 1 | BC16: 34 | BD16: 1 | BE16: 12 | BF16: 47 | BJ16: Yes | BK16: 29.86812 | BL16: -81.26827 | BO16: 3 | BP16: None banded | BY16: 2BBPL, 11 ROYT (1 banded USFWS right leg, 1 banded USFWS left leg), 4 FOTE, 6 SAND, 2 RUTU, 1 WILL, 7 RBGU, 13 LAGU | BZ16: Yes | CA16: 29.87119 | CB16: -81.26926 | CM16: 9 | CN16: NO BANDS NOTED | CO16: 103 SEOL, 8 SAND, 6 DUNL, 3 WESA, 3 BBPL, 1 WILL | CP16: Yes | CQ16: 29.87888 | CR16: -81.27171 | CY16: 4 | CZ16: NO BANDS NOTED | DC16: 12 | DD16: NO BANDS NOTED birds were resting in the dunes | DE16: 393 SEPL, 79 DUNL, 27 SAND, 6 RUTU, 111 WESA, 2 LESA, 2 BBPL, 1 LBBG, 1 HERG, 2 WILL | DF16: Yes | DG16: 29.8952 | DH16: -81.2759 | DS16: 2 | DT16: NOT BANDED | DV16: Yes | DW16: 29.90197 | DX16: -81.27676 | EE16: 32 | EG16: NO BANDS NOTED | EL16: No, I didn't see any focal species
A17: 43499.419 | B17: daniel.larremore@dep.state.fl.us | C17: Anclote Key North (Pasco), County=Pasco | D17: 43497 | E17: Dan Larremore, Colby Klein | J17: 0.42430556 | K17: 60-70F | L17: Light Wind | M17: No Rain | N17: All birds (includes focal and banded) | P17: 2 | R17: 24 | S17: 65 | AC17: 4 | AE17: 23 | AF17: 85 | AG17: 50 | AI17: 15 | AM17: 46 | AU17: 20 | AY17: 12 | BC17: 9 | BE17: 45 | BF17: 52 | BJ17: Yes | BK17: 28.213561 | BL17: -82.846671 | BM17: 0 | BO17: 0 | BQ17: 4 | BR17: no bands seen | BS17: 0 | BU17: 0 | BW17: 0 | BY17: greg7 reeg2 lbhe9, sppl20, pipl4, dunl25, bbpl2, will2, lesp1, | BZ17: Yes | CA17: 28.21565 | CB17: -82.847989 | CC17: 2 | CD17: no bands seen | CE17: 0 | CG17: 0 | CI17: 0 | CK17: 9 | CL17: Y.K-S.K, b.O-Y.Y, S.O-.O Band resights sent to RPruner | CM17: 0 | CO17: snpl9(3b) amoy2 royt40 brpe15, will12, dunl30 sand40, fote12 lagu9, rbgu20 | CP17: Yes | CQ17: 28.192427 | CR17: -82.85117 | CS17: 0 | CU17: 0 | CW17: 0 | CY17: 0 | DA17: 1 | DB17: no bands | DC17: 0 | DE17: sand25, SNPL1 | DF17: Yes | DG17: 28.173174 | DH17: -82.850075 | DI17: 0 | DK17: 0 | DM17: 0 | DO17: 0 | DQ17: 5 | DR17: no bands seen | DS17: 0 | DV17: No, I didn't see any more focal species
A18: 43501.361 | B18: daniel.larremore@dep.state.fl.us | C18: Anclote Key South (Pinellas), County=Pinellas | D18: 43497 | E18: Dave Perkey, Jeanne Trottier | J18: 0.38541667 | K18: 60-70F | L18: Light Wind | M18: No Rain | N18: All birds (includes focal and banded) | P18: 2 | R18: 9 | S18: 22 | AC18: 2 | AD18: 65 | AE18: 24 | AF18: 37 | AG18: 8 | AI18: 14 | AM18: 25 | AU18: 35 | AV18: 2 | AX18: 35 | AY18: 52 | BC18: 52 | BE18: 4 | BF18: 170 | BJ18: Yes | BK18: 28.15738 | BL18: -82.83688 | BM18: 0 | BO18: 0 | BQ18: 0 | BS18: 0 | BU18: 0 | BW18: 0 | BY18: ROYT 65, LAGU2, RBGU2, SAND1, RUTU1, WILL1, FOTE7 | BZ18: Yes | CA18: 28.15738 | CB18: -82.8378 | CC18: 0 | CE18: 0 | CG18: 2 | CH18: no bands seen | CI18: 11 | CJ18: no bands seen | CK18: 1 | CL18: no bands seen | CM18: 0 | CO18: SPPL1, RUTU2, SAND3 | CP18: Yes | CQ18: 28.15672 | CR18: -82.83841 | CS18: 2 | CT18: no bands seen | CU18: 0 | CW18: 0 | CY18: 17 | CZ18: no bands seen | DA18: 3 | DB18: no bands seen | DC18: 0 | DE18: ROYT30, WILL12, RBGU1, RUTU4, SAND14 SPPL2, DUNL19 | DF18: Yes | DG18: 28.15762 | DH18: -82.84158 | DI18: 0 | DK18: 0 | DM18: 0 | DO18: 26 | DP18: No bands seen | DQ18: 4 | DR18: no bands seen | DS18: 0 | DU18: WILL1, SAND11, DUNL3, | DV18: Yes | DW18: 28.125679 | DX18: -82.84238 | DY18: 0 | EA18: 0 | EC18: 0 | EE18: 10 | EF18: 0 | EG18: No bands seen | EJ18: 0 | EK18: WILL1, SAND11, BBPL4, SPPL5, RUTU2 | EL18: Yes | EM18: 28.15863 | EN18: -82.84465 | EO18: 0 | EQ18: 0 | ES18: 0 | EU18: 1 | EV18: No bands seen | EW18: 1 | EX18: No bands seen | EY18: 0 | FA18: SAND2, REEG1(white phase) | FB18: Yes | FC18: 28.16348 | FD18: -82.84736 | FE18: 0 | FG18: 0 | FI18: 0 | FK18: 0 | FM18: 1 | FN18: no bands seen | FO18: 0 | FR18: Yes | FS18: 28.16348 | FT18: -82.84902 | FU18: 0 | FW18: 0 | FY18: 0 | GA18: 0 | GC18: 4 | GD18: no bands seen | GE18: 0 | GH18: No, I didn't see any more focal species
A19: 43504.524 | B19: caity.reiland-smith@myfwc.com | C19: Apalachicola Breakwater, County=Franklin | D19: 43501 | E19: Caity Reiland-Smith, Ezra Thompson | J19: 0.48263889 | K19: 50-60F | L19: Calm | M19: No Rain | N19: All birds (includes focal and banded) | P19: 3 | BE19: 1 | BJ19: Yes | BK19: 29.7086 | BL19: -85.01141 | BM19: 3 | BN19: R//:R//S - Y53 - triangle | BO19: 0 | BP19: 0 | BQ19: 0 | BR19: 0 | BS19: 0 | BT19: 0 | BU19: 0 | BV19: 0 | BW19: 0 | BX19: 0 | BY19: 0 | BZ19: No, I didn't see any additional focal species
A20: 43503.626 | B20: clipps@audubon.org | C20: =O20 -> Apalachicola River Delta | D20: 43501 | E20: Chris Lipps | F20: 29.78405 | G20: -84.91085 | H20: 29.73406 | I20: -84.96765 | J20: 0.41805556 | K20: 60-70F | L20: Calm | M20: No Rain | N20: All birds (includes focal and banded) | O20: Apalachicola River Delta | P20: 2 | R20: 18 | S20: 50 | V20: 50 | W20: 4 | Z20: 1 | AS20: 8 | AU20: 4 | AV20: 3 | AY20: 28 | BE20: 18 | BF20: 00 | BJ20: Yes | BK20: 29.7581 | BL20: -84.9278 | BM20: 0 | BO20: 0 | BQ20: 0 | BS20: 0 | BU20: 0 | BW20: 0 | BY20: Rin-billed Gull:14, Forster's Tern:11, Dunlin:about 50, Least Sandpiper:about 50, Bonaparte's gull:2 | BZ20: Yes | CA20: 29.73853 | CB20: -84.9636 | CC20: 2 | CD20: 2 unbanded AMOY | CE20: 0 | CG20: 0 | CI20: 0 | CK20: 0 | CM20: 0 | CO20: Tricolored Heron:1 | CP20: No, I didn't see any more focal species
A21: 43510.493 | B21: kmartin@pbcgov.org | C21: Atlantic Dunes Park to Palm Beach (Monceau Court), County=Palm Beach | D21: 43500 | E21: TJ Steinhoff, Tori Hanley | J21: 0.42847222 | N21: All birds (includes focal and banded) | U21: 23 | AE21: 76 | AF21: 98 | AG21: 1 | AY21: 1 | BC21: 247 | BD21: 24 | BE21: 163 | BF21: 86 | BG21: 19 | BJ21: No, I didn't see any focal species
A22: 43502.377 | B22: Janice.Duquesnel@dep.state.fl.us | C22: Bahia Honda State Park, County=Monroe | D22: 43500 | E22: Janice Duquesnel | J22: 0.60625 | K22: 70-80F | L22: Calm | M22: No Rain | N22: All birds (includes focal and banded) | P22: 0 | AE22: 72 | AF22: 101 | AG22: 7 | AH22: 5 | AU22: 5 | BB22: 1 | BC22: 3 | BE22: 1 | BJ22: Yes | BK22: 24.6606 | BL22: -81.26795 | BM22: 0 | BN22: 0 | BO22: 0 | BP22: 0 | BQ22: 0 | BR22: 0 | BS22: 0 | BT22: 0 | BU22: 0 | BV22: 0 | BW22: 0 | BX22: 0 | BY22: sanderling, semipalmated sandpiper and ruddy turnstones | BZ22: No, I didn't see any focal species
A23: 43509.386 | B23: Janice.Duquesnel@dep.state.fl.us | C23: Bahia Honda State Park, County=Monroe | D23: 43500 | E23: Janice Duquesnel | J23: 0.60625 | K23: 70-80F | L23: Calm | M23: No Rain | N23: All birds (includes focal and banded) | P23: 0 | AE23: 72 | AF23: 101 | AG23: 7 | AH23: 5 | AU23: 5 | BB23: 1 | BC23: 3 | BE23: 1 | BJ23: Yes | BK23: 24.6606 | BL23: -81.26795 | BM23: 0 | BN23: 0 | BO23: 0 | BP23: 0 | BQ23: 0 | BR23: 0 | BS23: 0 | BT23: 0 | BU23: 0 | BV23: 0 | BW23: 0 | BX23: 0 | BY23: observed sanderlings, semipalmated sandpipers and ruddy turnstones at this coordinate - total of 152 birds at this site | BZ23: No, I didn't see any additional focal species
A24: 43503.649 | B24: clipps@audubon.org | C24: Bald Point South, County=Franklin | D24: 43502 | E24: Chris Lipps | J24: 0.49027778 | K24: 60-70F | L24: Calm | M24: No Rain | N24: All birds (includes focal and banded) | P24: 0 | R24: 1 | AM24: 3 | AY24: 50 | BE24: 20 | BJ24: Yes | BK24: 29.90498 | BL24: -84.34029 | BM24: 0 | BO24: 0 | BQ24: 0 | BS24: 0 | BU24: 0 | BW24: 0 | BY24: Forster's Tern:50, Ring-billed Gull:15 | BZ24: No, I didn't see any additional focal species
A25: 43503.715 | B25: southmoonunder@mchsi.com | C25: Bald Point State Park, County=Franklin | D25: 43502 | E25: John Murphy, Chris Lipps | J25: 0.43055556 | K25: 50-60F | L25: Light Wind | M25: No Rain | N25: All birds (includes focal and banded) | P25: 0 | R25: 12 | S25: 50 | T25: 1 | W25: 1 | AC25: 1 | AE25: 12 | AF25: 24 | AG25: 16 | AN25: 4 | AU25: 2 | AX25: 1 | AY25: 9 | BC25: 2 | BE25: 7 | BJ25: Yes | BK25: 29.94922 | BL25: -84.33944 | BM25: 0 | BO25: 0 | BQ25: 1 | BR25: S//OB:FY(T14)//Y *(formerly observed with GY on lower right) | BS25: 0 | BU25: 0 | BW25: 4 | BX25: GW:S//GB; S(K)//G(LK):OR; S//G(NT):YO | BY25: no | BZ25: No, I didn't see any additional focal species
A26: 43507.717 | B26: anne.mauro@dep.state.fl.us | C26: Barfield Bay=Collier | D26: 43504 | E26: Anne Mauro | F26: 25.903833 | G26: -81.692632 | H26: 25.905608 | I26: -81.688478 | J26: 0.40277778 | K26: 70-80F | L26: Calm | M26: No Rain | N26: All birds (includes focal and banded) | R26: 3 | S26: 11 | AM26: 36 | AU26: 2 | BC26: 4 | BF26: 2 | BJ26: No, I didn't see any focal species
A27: 43508.718 | B27: bevalhansen@gmail.com | C27: Bayport Park, County=Hernando | D27: 43501 | E27: Bev Hansen, Al Hansen, Bonnie Morgan | J27: 0.40277778 | M27: No Rain | N27: All birds (includes focal and banded) | P27: 5 | AM27: 5 | AR27: 7 | AU27: 19 | AV27: 2 | AX27: 7 | AY27: 1 | BC27: 111 | BE27: 10 | BF27: 1 | BJ27: Yes | BK27: 28.537846 | BL27: -82.651804 | BM27: 5 | BZ27: Yes | CA27: 28.533548 | CB27: -82.645259 | CE27: 7 | CP27: No, I didn't see any more focal species
A28: 43504.425 | B28: Natasha.Warraich@myfwc.com | C28: =O28 -> Big Marco Pass CWA | D28: 43500 | E28: Natasha Warraich, Ricardo Zambrano, Mary Truglio | J28: 0.4375 | N28: All birds (includes focal and banded) | O28: Big Marco Pass CWA | R28: 5 | S28: 66 | V28: 7 | Z28: 1 | AC28: 13 | AE28: 14 | AF28: 51 | AG28: 19 | AN28: 39 | AU28: 4 | AX28: 1 | BE28: 6 | BJ28: Yes | BK28: 25.94703 | BL28: -81.74231 | BW28: 1 | BZ28: Yes | CA28: 25.96032 | CB28: -81.75183 | CG28: 13 | CH28: 1. FO(9D8)/K -S/b 2. FY/O - S/W/B | CM28: 36 | CO28: 45 sanderlings, 48 bbpl, 6semipalmated plovers, 66 dunlin, 2 ruddy turnstones, 1 brown pelican | CP28: Yes | CQ28: 25.969071 | CR28: -81.742993 | DC28: 3 | DF28: No, I didn't see any more focal species
A29: 43510.38 | B29: cstahala@audubon.org | C29: Big Sabine Point, County=Escambia | D29: 43497 | E29: Caroline Stahala Rob Holbrook | J29: 0.44791667 | K29: 50-60F | L29: Light Wind | M29: No Rain | N29: All birds (includes focal and banded) | P29: 0 | S29: 8 | AC29: 5 | AF29: 18 | AG29: 1 | AI29: 17 | AM29: 22 | AU29: 6 | AY29: 31 | BB29: 2 | BC29: 1 | BE29: 11 | BF29: 4 | BJ29: Yes | BK29: 30.35768 | BL29: -87.04352 | BQ29: 5 | BR29: none | BU29: 17 | BV29: 1 banded | BZ29: No, I didn't see any additional focal species
A30: 43524.413 | B30: allison.conboy@FloridaDEP.gov | C30: Big Talbot Island State Park - North, County=Duval | D30: 43497 | E30: Allison Conboy, Emily Dunn | F30: 30.512294 | G30: -81.459697 | H30: 30.507193 | I30: -81.455444 | J30: 0.36458333 | K30: 50-60F | L30: Light Wind | M30: Light Rain | N30: All birds (includes focal and banded) | O30: overcast and rainy | P30: 0 | AC30: 1 | AE30: 7 | AF30: 14 | AM30: 2 | AY30: 17 | BC30: 4 | BJ30: Yes | BK30: 30.51034 | BL30: -81.455444 | BM30: 0 | BN30: na | BO30: 0 | BP30: na | BQ30: 1 | BR30: not banded | BS30: 0 | BT30: na | BU30: 0 | BV30: na | BW30: 0 | BX30: na | BZ30: No, I didn't see any additional focal species
A31: 43524.433 | B31: allison.conboy@FloridaDEP.gov | C31: Big Talbot Island State Park - South, County=Duval | D31: 43497 | E31: Allison Conboy, Don and Patti Garner | F31: 30.49395 | G31: -81.43851 | H31: 30.48486 | I31: -81.43053 | J31: 0.35416667 | K31: 50-60F | L31: Medium Wind | M31: No Rain | N31: All birds (includes focal and banded) | O31: overcast, 56 degrees, wind 9 mph | P31: 2 | R31: 28 | S31: 370 | AC31: 1 | AD31: 11 | AE31: 5 | AF31: 77 | AG31: 3 | AM31: 3 | AN31: 1 | AY31: 4 | BE31: 3 | BJ31: Yes | BK31: 30.48593 | BL31: -81.4304 | BM31: 2 | BN31: 1 banded. H, R,_:R,_. Unable to read code | BO31: 0 | BP31: na | BQ31: 0 | BR31: na | BS31: 11 | BT31: none banded | BU31: 0 | BV31: na | BW31: 1 | BX31: not banded | BZ31: Yes | CA31: 30.48649 | CB31: -81.43084 | CC31: 0 | CD31: na | CE31: 0 | CF31: na | CG31: 1 | CH31: not banded | CI31: 0 | CJ31: na | CK31: 0 | CL31: na | CM31: 0 | CN31: na | CP31: No, I didn't see any more focal species
A32: 43524.425 | B32: allison.conboy@FloridaDEP.gov | C32: Big Talbot Island State Park - Spoonbill, County=Duval | D32: 43497 | E32: Allison Conboy, Emily Dunn | F32: 30.511511 | G32: -81.457622 | H32: 30.505078 | I32: -81.455165 | J32: 0.39583333 | K32: 50-60F | L32: Medium Wind | M32: No Rain | N32: All birds (includes focal and banded) | O32: overcast and windy | P32: 0 | Q32: 13 | R32: 5 | Z32: 274 | AF32: 93 | AJ32: 1 | AM32: 7 | AQ32: 2 | AU32: 1 | BJ32: No, I didn't see any focal species
A33: 43507.366 | B33: Elizabeth.Golden@dep.state.fl.us | C33: Bill Baggs Cape Florida State Park, County=Miami-Dade | D33: 43499 | E33: Elizabeth Golden | J33: 0.30208333 | K33: 60-70F | L33: Light Wind | M33: No Rain | N33: All birds (includes focal and banded) | O33: The banded PIPL and the other 6 PIPL seen foraging with it on this survey were probably among the loafing flock of PIPL reported 1.5 hours later on the Crandon Park survey, where a PIPL with the same color flag/band combination was seen. | AC33: 7 | AE33: 2 | AG33: 7 | AX33: 5 | BD33: 1 | BE33: 1 | BJ33: Yes | BK33: 25.67223 | BL33: -80.15295 | BQ33: 7 | BR33: UL: (code not readable) GF; LL: - ; UR:O: LR: - (band not reported to another site) | BZ33: No, I didn't see any additional focal species
A34: 43515.309 | B34: rebekah.augustinowicz@charlottecountyfl.gov | C34: Bird Island, County=Charlotte | D34: 43500 | E34: 3 | J34: 0.51319444 | M34: No Rain | N34: All birds (includes focal and banded) | P34: 0 | AE34: 2 | AF34: 1 | AU34: 17 | AX34: 24 | BC34: 1 | BE34: 10 | BI34: 160 | BJ34: No, I didn't see any focal species
A35: 43503.641 | B35: clipps@audubon.org | C35: Bird Island, County=Franklin | D35: 43501 | E35: Chris Lipps | J35: 0.60208333 | K35: 60-70F | L35: Calm | M35: No Rain | N35: All birds (includes focal and banded) | P35: 0 | R35: 11 | S35: 173 | W35: 2 | AF35: 11 | AG35: 2 | AM35: 12 | AR35: 12 | AS35: 15 | AV35: 11 | AY35: 4 | BC35: 2 | BE35: 4 | BJ35: Yes | BK35: 29.71828 | BL35: -84.97674 | BM35: 0 | BO35: 12 | BP35: 12 unbanded BLSK adults | BQ35: 0 | BS35: 0 | BU35: 0 | BW35: 0 | BY35: Tricolored Heron:1, Snowy Egret:1, Willet:2, Ring-billed Gull:3, Bonaparte's Gull:6, Caspian Tern: 8, Laughing Gull:1, Forster's Tern:1 | BZ35: Yes | CA35: 29.71052 | CB35: -84.97488 | CC35: 0 | CE35: 0 | CG35: 0 | CI35: 0 | CK35: 0 | CM35: 0 | CO35: Willet:8, Dunlin:165, Snowy Egret:1, Lesser Yellowlegs:2, Black-bellied Plover:4 | CP35: No, I didn't see any more focal species
A36: 43508.651 | B36: vanessa_mcdonough@nps.gov | C36: Biscayne National Park/ Convoy Point to Elliott Key Harbor, Boca Chita Key, and Elliott Key Oceanside beaches, County=Miami-Dade | D36: 43497 | E36: Marc Kramer, Eliana Ardila Ardila | J36: 0.39583333 | K36: 70-80F | L36: Light Wind | M36: No Rain | N36: All birds (includes focal and banded) | O36: Surveyors misunderstood and did not tally seabirds. They only did shorebirds. | R36: 43 | V36: 2 | AE36: 31 | AF36: 128 | AG36: 105 | BJ36: No, I didn't see any focal species
A37: 43504.553 | B37: brittney.brown@myfwc.com | C37: Bonfire Beach, County=Bay | D37: 43499 | E37: Brittney Brown | J37: 0.57291667 | K37: 60-70F | L37: Light Wind | M37: No Rain | N37: All birds (includes focal and banded) | P37: 0 | AE37: 1 | AF37: 20 | AI37: 3 | AM37: 18 | BE37: 2 | BJ37: Yes | BK37: 29.95418 | BL37: -85.44677 | BM37: 0 | BN37: 0 | BO37: 0 | BP37: 0 | BQ37: 0 | BR37: 0 | BS37: 0 | BT37: 0 | BU37: 1 | BV37: [S//O:X//OY], will report to Panhandle Access Database | BW37: 0 | BX37: 0 | BZ37: Yes | CA37: 29.95156 | CB37: -85.43932 | CC37: 0 | CD37: 0 | CE37: 0 | CF37: 0 | CG37: 0 | CH37: 0 | CI37: 0 | CJ37: 0 | CK37: 2 | CL37: 1 XX and [S//R:X//WB, will report to Panhandle Access Database | CM37: 0 | CN37: 0 | CP37: No, I didn't see any more focal species
A38: 43510.485 | B38: kmartin@pbcgov.org | C38: Breakers Resort to Palm Beach Inlet, County=Palm Beach | D38: 43501 | E38: Mayra Ashton, Sumer Chapman | J38: 0.58333333 | N38: All birds (includes focal and banded) | AF38: 32 | AM38: 1 | BD38: 65 | BE38: 55 | BJ38: No, I didn't see any focal species
A39: 43522.658 | B39: matthew.r.anderson@FloridaDEP.gov | C39: Brevard County Spoil Islands BC36 to BC53 | D39: 43502 | E39: matthew r anderson, kirk fusco | F39: 27.995437 | G39: -80.546957 | H39: 27.862652 | I39: -80.486471 | J39: 0.41666667 | K39: 60-70F | L39: Calm | M39: No Rain | N39: Only focal birds | O39: Brevard County Spoil Islands BC36 to BC53 | BJ39: No, I didn't see any focal species
A40: 43508.707 | B40: bevalhansen@gmail.com | C40: Brookridge Sewage Treatment Facility, County=Hernando | D40: 43500 | E40: Bev Hansen Al Hansen, | J40: 0.41666667 | M40: No Rain | N40: All birds (includes focal and banded) | T40: 8 | U40: 5 | V40: 10 | W40: 40 | Y40: 110 | AO40: 11 | BE40: 1 | BJ40: No, I didn't see any focal species
A41: 43508.395 | B41: ezra.thompson@myfwc.com | C41: Buck Beach, County=Bay | D41: 43499 | E41: Ezra Thompson | J41: 0.49166667 | L41: Calm | M41: No Rain | N41: All birds (includes focal and banded) | P41: 0 | R41: 1 | AM41: 4 | AX41: 1 | BB41: 1 | BE41: 1 | BJ41: No, I didn't see any focal species
A42: 43501.386 | B42: daniel.larremore@dep.state.fl.us | C42: Caladesi Island State Park, County=Pinellas | D42: 43497 | E42: Diana Daniels, Brooke Hogrefe Mike Dyer Danny Sauvageau | J42: 0.41666667 | K42: 60-70F | L42: Light Wind | M42: No Rain | N42: All birds (includes focal and banded) | O42: diana.daniels@dep.state.fl.us | P42: 7 | R42: 20 | S42: 150 | AB42: 23 | AC42: 25 | AD42: 80 | AE42: 6 | AF42: 6 | AG42: 4 | AI42: 11 | AM42: 15 | AP42: 20 | AR42: 35 | AV42: 1 | AY42: 7 | BC42: 4 | BF42: 25 | BJ42: Yes | BK42: 28.049555 | BL42: -82.820518 | BM42: 0 | BO42: 35 | BP42: no bands seen | BQ42: 1 | BS42: 0 | BU42: 3 | BV42: no bands seen | BW42: 0 | BY42: ROYT25, CATE1, WILL5, BBPL20, DUNL150, RUTU5, SPPL2, FOTE7,MAGO20, SAND5, LAGU4 | BZ42: Yes | CA42: 28.050352 | CB42: -82.820259 | CC42: 2 | CD42: No bands seen | CE42: 0 | CG42: 4 | CH42: no bands seen | CI42: 0 | CK42: 0 | CM42: 0 | CO42: WILL10, MAGO3, SPPL2, SAND1, RUTU1 | CP42: Yes | CQ42: 28.05061 | CR42: -82.820053 | CS42: 0 | CU42: 0 | CW42: 17 | CX42: 5 banded PIPL seen, O.-FG(CMV). .KK-FY(31C).WO FO.GK-S.B S.R-FO.RY FO.YY-S.G reported to Meryl@vt.plover, Megan@USGS, Alice@UMN | CY42: 0 | DA42: 0 | DC42: 0 | DF42: Yes | DG42: 28.042507 | DH42: -82.78701 | DI42: 0 | DK42: 0 | DM42: 1 | DN42: no bands seen | DO42: 0 | DQ42: 5 | DR42: .K-S(Gtape).B S.BB-.R S.W-.RR reported to RPruner | DS42: 0 | DV42: Yes | DW42: 28.040329 | DX42: -82.7921 | DY42: 0 | EA42: 0 | EC42: 0 | EE42: 0 | EF42: 3 | EH42: no bands seen | EJ42: 0 | EL42: Yes | EM42: 28.04555 | EN42: -82.820473 | EO42: 1 | EP42: no bands seen | EQ42: 0 | ES42: 0 | EU42: 0 | EW42: 0 | EY42: 0 | FB42: Yes | FC42: 28.037682 | FD42: -82.821289 | FE42: 0 | FG42: 0 | FI42: 1 | FJ42: no bands seen | FK42: 0 | FM42: 0 | FO42: 0 | FR42: Yes | FS42: 28.029184 | FT42: -82.823669 | FU42: 0 | FW42: 0 | FY42: 0 | GA42: 80 | GB42: 10 flagged REKN observed Fg(C63).-.S -Fg(E7L).S Fg(EA3).-g.S .S-FG(PME). -Fg(PP6).S Fg(=1N).-.S -Fg(1MH).S -Fg(1MV).S Fg(2E9).-.S Fg(5C8).-.S All bands photographed by DSauvageau | GC42: 0 | GE42: 0 | GH42: Yes | GI42: 28.0278 | GJ42: -82.8242 | GK42: 4 | GL42: no bands seen | GM42: 0 | GO42: 0 | GQ42: 0 | GS42: 0 | GU42: 0 | GX42: Yes | GY42: 28.025381 | GZ42: -82.824944 | HA42: 0 | HC42: 0 | HE42: 1 | HF42: no bands seen | HG42: 0 | HI42: 0 | HK42: 0 | HN42: No, I didn't see any more focal species
A43: 43509.812 | B43: bsamuelsen@audubon.org | C43: Camp Helen State Park, County=Walton | D43: 43497 | E43: Bonnie Samuelsen, Annette Railey | J43: 0.37708333 | L43: Calm | M43: No Rain | N43: All birds (includes focal and banded) | O43: 3 people walked inside posted keep out area before we could stop them. we provided outreach | P43: 0 | AF43: 5 | AS43: 11 | AU43: 16 | AW43: 1 | AY43: 37 | BC43: 3 | BE43: 1 | BF43: 5 | BJ43: Yes | BK43: 30.26719 | BL43: -85.99189 | BM43: 0 | BN43: 0 | BO43: 0 | BP43: 0 | BQ43: 0 | BR43: 0 | BS43: 0 | BT43: 0 | BU43: 0 | BV43: 0 | BW43: 0 | BX43: 0 | BY43: >50 (included in total count: FOTE: 37; COTE:1; ROYT:5; BOGU:11; BRPE: 16; LAGU:2; RBGU:1; SAND:2) | BZ43: No, I didn't see any additional focal species
A44: 43499.867 | B44: miked129e@gmail.com | C44: CANA Apollo beach, County=Volusia | D44: 43497 | E44: Michael Daley, Leo Wilcox | J44: 0.33333333 | K44: 60-70F | L44: Light Wind | M44: No Rain | N44: All birds (includes focal and banded) | AE44: 13 | AF44: 154 | AM44: 79 | AN44: 8 | AV44: 39 | BB44: 1 | BE44: 17 | BJ44: Yes | BK44: 28.92505 | BL44: -80.82095 | BW44: 2 | BZ44: Yes | CA44: 28.90536 | CB44: -80.80755 | CM44: 6 | CP44: No, I didn't see any more focal species
A45: 43500.608 | B45: kristen_kneifl@nps.gov | C45: CANA Apollo Playalinda, County=Volusia | D45: 43497 | E45: Kristen Kneifl, John Stiner, Sean McKenna | J45: 0.36319444 | K45: 60-70F | L45: Light Wind | M45: No Rain | N45: All birds (includes focal and banded) | O45: This route should just be called CANA Playalinda (no Apollo) and is in Brevard County (not Volusia) | R45: 19 | AE45: 94 | AF45: 68 | AM45: 74 | AN45: 9 | AS45: 2 | AY45: 44 | BB45: 4 | BC45: 3 | BE45: 37 | BF45: 110 | BG45: 8 | BJ45: Yes | BK45: 28.4153 | BL45: -80.395 | BW45: 5 | BZ45: Yes | CA45: 28.4256 | CB45: -80.4041 | CM45: 4 | CP45: No, I didn't see any more focal species
A46: 43503.555 | B46: angy.chambers@us.af.mil | C46: Cape Canaveral AFS, County=Brevard | D46: 43501 | E46: Angy Chambers, Rachel Mandel | J46: 0.51944444 | K46: 70-80F | L46: Light Wind | M46: No Rain | N46: All birds (includes focal and banded) | R46: 87 | AD46: 43 | AE46: 5 | AF46: 345 | AG46: 4 | AM46: 28 | AR46: 10 | AS46: 10 | AU46: 178 | AY46: 48 | BB46: 41 | BC46: 46 | BE46: 68 | BF46: 170 | BG46: 8 | BJ46: Yes | BK46: 28.41127 | BL46: -80.5832 | BO46: 10 | BY46: Brown pelican-70, Herring gull-13, Laughing gull-20, Royal tern-5, Bonaparte's gull-5, Sanderling-25, Red egret-3 | BZ46: Yes | CA46: 28.46097 | CB46: -80.52657 | CO46: Bonaparte's gull-5, Brown pelican-7, Herring gull-10, Royal tern-25, Forster's tern-10, Laughing gull-3 | CP46: Yes | CQ46: 28.46567 | CR46: -80.52892 | DE46: Brown pelican-30, Ring-billed gull-20, Royal tern-50, Herring gull-10, Sanderling-20, Gull-billed tern-10, Forster's tern-10 | DF46: Yes | DG46: 28.47737 | DH46: -80.53558 | DU46: Brown pelican-21, Ring-billed gull-10, Royal tern-30, Forster's tern-10, Herring gull-2, Laughing gull-10 | DV46: Yes | DW46: 28.53385 | DX46: -80.56234 | EE46: 43 | EK46: Ring-billed gull-5, Sanderling-30 | EL46: Yes | EM46: 28.54632 | EN46: -80.5653 | FA46: Brown pelican-50, Laughing gull-10, Royal tern-50, Herring gull-4, Ring-billed gull-5, Sandwich tern-5, Forster's tern-15, Sanderling-10 | FB46: No, I didn't see any more focal species
A47: 43508.632 | B47: aalbrecht@sccf.org | C47: Captiva 1 (Blind Pass to Captiva Dr. SW), County=Lee | D47: 43503 | E47: Audrey Albrecht | J47: 0.41944444 | K47: 70-80F | L47: Light Wind | M47: No Rain | N47: All birds (includes focal and banded) | P47: 0 | AE47: 9 | AF47: 205 | AM47: 43 | AX47: 1 | BC47: 8 | BD47: 1 | BE47: 4 | BG47: 1 | BJ47: No, I didn't see any focal species
A48: 43508.588 | B48: mclauzau@gmail.com | C48: Carrabelle Beach, County=Franklin | D48: 43502 | E48: Collette Lauzau | J48: 0.35625 | L48: Calm | M48: No Rain | N48: All birds (includes focal and banded) | P48: 1 | T48: 3 | AB48: 1 | AC48: 5 | AE48: 1 | AM48: 1 | AR48: 1 | AY48: 51 | BC48: 13 | BE48: 14 | BJ48: Yes | BK48: 29.8274 | BL48: -84.57004 | BM48: 1 | BO48: 1 | BQ48: 5 | BR48: X//BO:GF//KG | BZ48: No, I didn't see any additional focal species
A49: 43515.557 | B49: z4539pr@msn.com | C49: Casperson Beach, County=Sarasota | D49: 43497 | E49: Peg Magee, Eileen Gerle | J49: 0.35416667 | K49: 60-70F | L49: Calm | M49: No Rain | N49: All birds (includes focal and banded) | P49: 0 | AE49: 2 | AF49: 4 | AU49: 1 | AW49: 4 | BB49: 8 | BC49: 50 | BE49: 50 | BF49: 23 | BG49: 1 | BJ49: No, I didn't see any focal species
A50: 43507.675 | B50: mclauzau@gmail.com | C50: Cat Point, County=Franklin | D50: 43501 | E50: Marie Collette Lauzau | J50: 0.32291667 | L50: Calm | M50: No Rain | N50: All birds (includes focal and banded) | R50: 6 | AJ50: 1 | AM50: 1 | AS50: 3 | AU50: 11 | AX50: 4 | BE50: 3 | BJ50: No, I didn't see any focal species
A51: 43507.713 | B51: anne.mauro@dep.state.fl.us | C51: Caxambas=Collier | D51: 43501 | E51: Anne Mauro | F51: 25.906546 | G51: -81.717355 | H51: 25.899401 | I51: -81.721347 | J51: 0.45138889 | K51: 70-80F | L51: Calm | M51: No Rain | N51: All birds (includes focal and banded) | Z51: 116 | AB51: 10 | AE51: 6 | AF51: 68 | AK51: 10 | AM51: 4 | AR51: 800 | AU51: 45 | BC51: 6 | BE51: 25 | BF51: 58 | BJ51: Yes | BK51: 25.90051 | BL51: -81.72196 | BO51: 800 | BZ51: No, I didn't see any additional focal species
A52: 43506.459 | B52: janell.brush@myfwc.com | C52: Cedar Key East | D52: 43500 | E52: Joe Marchionno, Ariam Jimenez, Bobbi Carpenter | F52: 29.133257 | G52: -83.030369 | H52: 29.163023 | I52: -83.000098 | J52: 0.53472222 | K52: 60-70F | L52: Light Wind | M52: No Rain | N52: All birds (includes focal and banded) | O52: Route Name = Cedar Key East. Not ideal tides, counts are minimums due to accessibility of some areas and visibility of birds in challenging habitats. Bands reported directly to researchers and not entered here. | P52: 484 | Q52: 370 | R52: 150 | S52: 60 | AA52: 280 | AB52: 12 | AD52: 15 | AE52: 63 | AL52: 18 | AM52: 125 | AN52: 3 | BJ52: Yes | BK52: 29.15845 | BL52: -83.00055 | BM52: 482 | BN52: Reported to AMOY WG | BS52: 15 | BT52: None banded, more in flock but could not count | BZ52: Yes | CA52: 29.15647 | CB52: -82.99168 | CC52: 2 | CD52: Not banded | CM52: 3 | CN52: Not banded | CP52: No, I didn't see any more focal species
A53: 43506.482 | B53: Janell.Brush@myfwc.com | C53: Cedar Key West | D53: 43500 | E53: Pat Leary, Doris Leary | F53: 29.211497 | G53: -83.081023 | H53: 29.129526 | I53: -83.055843 | J53: 0.53819444 | K53: 60-70F | L53: Light Wind | M53: No Rain | N53: All birds (includes focal and banded) | O53: Route Name = Cedar Key West. Reported all banded birds directly to researchers, not entered on the form. The counts are under representative of the number of species/individuals along the route. Tides were not ideal for a comprehensive survey of the area and the habitat used hides birds well. | P53: 1144 | R53: 59 | S53: 2207 | U53: 1 | Z53: 15 | AB53: 35 | AC53: 3 | AD53: 121 | AE53: 136 | AF53: 54 | AG53: 479 | AK53: 800 | AL53: 6 | AM53: 199 | AN53: 1 | AR53: 75 | BJ53: Yes | BK53: 29.200873 | BL53: -83.079791 | BO53: 38 | BZ53: Yes | CA53: 29.211497 | CB53: -83.081023 | CC53: 83 | CD53: 8 banded - submitted to AMOY WG | CI53: 1 | CP53: Yes | CQ53: 29.18719 | CR53: -83.090633 | CS53: 170 | CT53: 8 banded - submitted to AMOY WG | CU53: 6 | DC53: 1 | DF53: Yes | DG53: 29.1694 | DH53: -83.06542 | DI53: 80 | DJ53: 10 banded - Submitted to AMOY WG | DV53: Yes | DW53: 29.169184 | DX53: -83.064751 | DY53: 154 | DZ53: 2 banded - submitted to AMOY WG | EK53: 5 WHIM at this location too | EL53: Yes | EM53: 29.1506 | EN53: -83.06488 | EO53: 76 | EP53: 3 banded - submitted to AMOY WG | FB53: Yes | FC53: 29.143175 | FD53: -83.064402 | FE53: 374 | FF53: 14 banded - submitted to AMOY WG | FG53: 31 | FR53: Yes | FS53: 29.13921 | FT53: -83.058 | FU53: 170 | FV53: 10 banded - submitted to AMOY WG | GH53: Yes | GI53: 29.1391 | GJ53: -83.05823 | GK53: 37 | GQ53: 120 | GW53: 35 MAGO and 1 WHIM at this location too | GX53: No, I didn't see any more focal species
A54: 43507.35 | B54: dcarson@pbcgov.org | C54: Central Lake Worth Lagoon, County=Palm Beach | D54: 43502 | E54: David Carson, TJ Steinhoff | J54: 0.46527778 | K54: 70-80F | L54: Light Wind | M54: No Rain | N54: All birds (includes focal and banded) | O54: High Tide | P54: 15 | AE54: 1 | AJ54: 10 | BE54: 1 | BJ54: Yes | BK54: 26.645358 | BL54: -80.040127 | BM54: 1 | BZ54: Yes | CA54: 26.645024 | CB54: -80.040472 | CC54: 5 | CP54: Yes | CQ54: 26.629923 | CR54: -80.04034 | CS54: 2 | DF54: Yes | DG54: 26.625181 | DH54: -80.045264 | DI54: 1 | DV54: Yes | DW54: 26.62368 | DX54: -80.045319 | DY54: 1 | EL54: Yes | EM54: 26.617746 | EN54: -80.045742 | EO54: 3 | FB54: Yes | FC54: 26.614981 | FD54: -80.04497 | FE54: 2 | FR54: No, I didn't see any more focal species
A55: 43500.51 | B55: kim.savides@gmail.com | C55: Clam Pass Park, County=Collier | D55: 43500 | E55: Kim Savides | J55: 0.375 | K55: 60-70F | L55: Calm | M55: No Rain | N55: All birds (includes focal and banded) | P55: 0 | R55: 1 | AF55: 8 | AM55: 2 | AR55: 1319 | AU55: 5 | AY55: 1 | BB55: 1 | BC55: 8 | BE55: 3 | BF55: 44 | BG55: 385 | BJ55: Yes | BK55: 26.22171 | BL55: -81.81843 | BM55: 0 | BO55: 1319 | BP55: BE(A05), BE(A29), YE(E79), YE(L30), YE(L46), YE(N27), WE(1A0), GE(A43), GE(A93), GE(B39), GE(B63), GE(B71), GE(C22), GE(C53), GE(C65), GE(E07), GE(E25). Will be put on BLSK resightings google sheets | BQ55: 0 | BS55: 0 | BU55: 0 | BW55: 0 | BY55: All of this Clam Pass route is a single flock | BZ55: No, I didn't see any focal species
A56: 43499.386 | B56: ptrunk@gmail.com | C56: Clearwater Beach - North, County=Pinellas | D56: 43499 | E56: Paul Trunk | J56: 0.29166667 | K56: 60-70F | L56: Calm | M56: No Rain | N56: All birds (includes focal and banded) | AF56: 30 | AG56: 3 | AU56: 3 | AV56: 1 | BC56: 5 | BE56: 8 | BF56: 9 | BJ56: No, I didn't see any focal species
A57: 43502.408 | B57: hshort@audubon.org | C57: Clearwater Point | D57: 43502 | E57: Holley Short | F57: 27.9639 | G57: -82.8208 | H57: 27.9667 | I57: -82.818 | J57: 0.31388889 | K57: 60-70F | L57: Calm | M57: No Rain | N57: All birds (includes focal and banded) | O57: Clearwater Point - new survey route | P57: 0 | AU57: 1 | BB57: 1 | BC57: 38 | BE57: 3 | BJ57: No, I didn't see any focal species
A58: 43508.305 | B58: barnwellm@hillsboroughcounty.org | C58: Cockroach Bay FIeld Office, County=Hillsborough | D58: 43648 | E58: Mary Barnwell, Danielle Ivey | J58: 0.375 | K58: 60-70F | L58: Calm | M58: No Rain | N58: All birds (includes focal and banded) | P58: 0 | AO58: 1 | AX58: 4 | BI58: 3 | BJ58: No, I didn't see any focal species
A59: 43508.3 | B59: barnwelm@hillsboroughcounty.org | C59: Cockroach Bay FIeld Office, County=Hillsborough | D59: 43503 | E59: Mary Barnwell, Danielle Ivey | J59: 0.46527778 | K59: 60-70F | L59: Light Wind | M59: No Rain | N59: All birds (includes focal and banded) | P59: 0 | T59: 3 | U59: 4 | AV59: 6 | AX59: 49 | BE59: 8 | BI59: 2 | BJ59: No, I didn't see any focal species
A60: 43522.602 | B60: janell.brush@myfwc.com | C60: Cow Creek | D60: 43502 | E60: Joe Marchionno | F60: 29.523995 | G60: -83.373822 | H60: 29.512001 | I60: -83.385903 | J60: 0.33333333 | K60: 60-70F | L60: Calm | M60: No Rain | N60: All birds (includes focal and banded) | O60: Route Name = Cow Creek. Many flocks were just out of reach - kayak survey | R60: 20 | S60: 60 | T60: 16 | V60: 118 | Z60: 86 | AD60: 18 | AE60: 35 | AG60: 46 | AM60: 30 | AU60: 31 | AX60: 40 | BB60: 2 | BC60: 9 | BE60: 18 | BI60: 16 | BJ60: Yes | BK60: 29.512001 | BL60: -83.385903 | BS60: 18 | BZ60: No, I didn't see any additional focal species
A61: 43509.805 | B61: brittney.brown@myfwc.com | C61: Crooked Island East, County=Bay | D61: 43499 | E61: Brittney Brown, Ezra Thompson | J61: 0.39097222 | K61: 50-60F | L61: Light Wind | M61: No Rain | N61: All birds (includes focal and banded) | O61: Crooked Island East is now split into two parts post-Hurricane, but there is not yet a new route. Ezra and I completed both sections simultaneously to ensure accuracy. | P61: 0 | R61: 14 | S61: 32 | AD61: 12 | AF61: 48 | AI61: 16 | AK61: 1 | AM61: 64 | AS61: 8 | AY61: 90 | BB61: 7 | BC61: 8 | BE61: 35 | BG61: 1 | BJ61: Yes | BK61: 29.98981 | BL61: -85.52402 | BM61: 0 | BO61: 0 | BQ61: 0 | BS61: 4 | BT61: all were X:X | BU61: 0 | BW61: 0 | BZ61: Yes | CA61: 29.99651 | CB61: -85.53107 | CC61: 0 | CE61: 0 | CG61: 0 | CI61: 0 | CK61: 5 | CL61: 1 X:X female, 2 X:X males, [Y:S//WR] male, [Y:S//GB] male. Will also report to Panhandle Access Database. | CM61: 0 | CP61: Yes | CQ61: 29.99701 | CR61: -85.53012 | CS61: 0 | CU61: 0 | CW61: 0 | CY61: 0 | DA61: 2 | DB61: 1 X:X female, [WW:S//W] male | DC61: 0 | DF61: Yes | DG61: 29.9948 | DH61: -85.52875 | DI61: 0 | DK61: 0 | DM61: 0 | DO61: 0 | DQ61: 2 | DR61: 1 X:X female, 1 X:X male | DS61: 0 | DV61: Yes | DW61: 29.9594 | DX61: -85.48552 | DY61: 0 | EA61: 0 | EC61: 0 | EE61: 0 | EF61: 2 | EH61: 1 X:X female, [X//Y:S//RO] male | EJ61: 0 | EL61: Yes | EM61: 29.95853 | EN61: -85.48354 | EO61: 0 | EQ61: 0 | ES61: 0 | EU61: 7 | EV61: all X:X | EW61: 0 | EY61: 0 | FB61: Yes | FC61: 29.95686 | FD61: -85.47535 | FE61: 0 | FG61: 0 | FI61: 0 | FK61: 0 | FM61: 2 | FN61: 1 X:X male, [S//W:X//YG] female | FO61: 0 | FR61: Yes | FS61: 29.95641 | FT61: -85.45962 | FU61: 0 | FW61: 0 | FY61: 0 | GA61: 0 | GC61: 3 | GD61: [X//B:S//WK], [X//Y:S//OG], [X//KO:S//W] | GE61: 0 | GH61: Yes | GI61: 29.95511 | GJ61: -85.44995 | GK61: 0 | GM61: 0 | GO61: 0 | GQ61: 1 | GR61: X:X | GS61: 0 | GU61: 0 | GX61: No, I didn't see any more focal species
A62: 43500.565 | B62: clipps@audubon.org | C62: Crooked Island West, County=Bay | D62: 43499 | E62: Chris Lipps, Marvin Friel | J62: 0.45625 | K62: 60-70F | L62: Light Wind | M62: No Rain | N62: All birds (includes focal and banded) | P62: 0 | R62: 50 | S62: 164 | AE62: 16 | AF62: 530 | AI62: 14 | AM62: 15 | AS62: 37 | AU62: 3 | AY62: 5 | BB62: 35 | BE62: 175 | BF62: 2 | BJ62: Yes | BK62: 30.04627 | BL62: -85.59176 | BM62: 0 | BO62: 0 | BQ62: 0 | BS62: 0 | BU62: 2 | BV62: X//B:S//WG, X//B:S//BR, reported to Audubon Florida and FWC database | BW62: 0 | BY62: n/a | BZ62: Yes | CA62: 30.02623 | CB62: -85.56888 | CC62: 0 | CE62: 0 | CG62: 0 | CI62: 0 | CK62: 2 | CL62: 2 unbanded SNPLs | CM62: 0 | CO62: n/a | CP62: Yes | CQ62: 30.00581 | CR62: -85.54361 | CS62: 0 | CU62: 0 | CW62: 0 | CY62: 0 | DA62: 4 | DB62: X//Y:S//OB, X//GK:S//K, S//W:X//GK, 1 unbanded SNPL | DC62: 0 | DE62: n/a | DF62: Yes | DG62: 30.00635 | DH62: -85.5411 | DI62: 0 | DK62: 0 | DM62: 0 | DO62: 0 | DQ62: 0 | DS62: 0 | DU62: Sanderling: 160, Dunlin:5, Black-bellied Plover:2, Ruddy Turnstone: 1 | DV62: Yes | DW62: 30.02642 | DX62: -85.56839 | DY62: 0 | EA62: 0 | EC62: 0 | EE62: 0 | EF62: 3 | EH62: S//W:X//KB, X//R:X//OO, X//B:S//GO | EJ62: 0 | EK62: n/a | EL62: Yes | EM62: 30.02687 | EN62: -85.56934 | EO62: 0 | EQ62: 0 | ES62: 0 | EU62: 0 | EW62: 0 | EY62: 0 | FA62: Dunlin:116, Sanderling: 30, Black-bellied Plover:7, Forster's Tern:4, Ring-billed Gull:3, Herring Gull:6, Bonaparte's Gull:4 | FB62: Yes | FC62: 30.02015 | FD62: -85.56019 | FE62: 0 | FG62: 0 | FI62: 0 | FK62: 0 | FM62: 0 | FO62: 0 | FQ62: Sanderling:73, Bonaparte's Gull:4, Dunlin:7 | FR62: Yes | FS62: 30.02987 | FT62: -85.57272 | FU62: 0 | FW62: 0 | FY62: 0 | GA62: 0 | GC62: 3 | GD62: X//WK:S//W, X//B:S//GG, 1 unbanded SNPL | GE62: 0 | GG62: n/a | GH62: Yes | GI62: 30.03538 | GJ62: -85.57903 | GK62: 0 | GM62: 0 | GO62: 0 | GQ62: 0 | GS62: 0 | GU62: 0 | GW62: Ring-billed Gull:45, Sanderling:35, Herring Gull:7, Ruddy Turnstone:3, Willet:1 | GX62: Yes | GY62: 30.0445 | GZ62: -85.58934 | HA62: 0 | HC62: 0 | HE62: 0 | HG62: 0 | HI62: 0 | HK62: 0 | HM62: Ring-billed Gull:63, Herring Gull:5, Willet:2, Sanderling:1 | HN62: No, I didn't see any more focal species
A63: 43502.368 | B63: Janice.Duquesnel@dep.state.fl.us | C63: Curry Hammock State Park, County=Monroe | D63: 43500 | E63: Janice Duquesnel | J63: 0.54166667 | K63: 70-80F | L63: Calm | M63: No Rain | N63: All birds (includes focal and banded) | O63: No birds were observed on this survey | P63: 0 | BJ63: No, I didn't see any focal species
A64: 43509.357 | B64: Janice.Duquesnel@dep.state.fl.us | C64: Curry Hammock State Park, County=Monroe | D64: 43500 | E64: Janice Duquesnel | J64: 0.54305556 | K64: 70-80F | L64: Calm | M64: No Rain | N64: All birds (includes focal and banded) | P64: 0 | BJ64: No, I didn't see any focal species
A65: 43516.806 | B65: mcmic40@msn.com | C65: Cypress Point Park, County=Hillsborough | D65: 43499 | E65: Michael McCarty, Sherry Keller | F65: 27.952368 | G65: -82.546819 | H65: 27.9491 | I65: -82.5426 | J65: 0.32013889 | K65: 60-70F | L65: Light Wind | M65: No Rain | N65: Only focal birds | O65: Fog with 1/8 mile visibility, low overcast sky at 100' AGL | P65: 0 | R65: 4 | AB65: 3 | AG65: 21 | AR65: 16 | BJ65: Yes | BK65: 27.952368 | BL65: -82.546819 | BM65: 0 | BO65: 12 | BZ65: Yes | CA65: 27.9514 | CB65: -82.5466 | CC65: 0 | CE65: 4 | CP65: No, I didn't see any more focal species
A66: 43503.566 | B66: john.martin@ch2m.com | C66: Dayson Basin Dredge Disposal Area Transect - Marine Corps Support Facility Blount Island, County=Duval | D66: 43503 | E66: John Martin, Bo Hanan | J66: 0.37152778 | K66: 70-80F | L66: Light Wind | M66: No Rain | N66: All birds (includes focal and banded) | O66: Dredge disposal basin full of water from recent input of dredged material | U66: 4 | Y66: 3 | AM66: 2 | AO66: 2 | AQ66: 23 | BJ66: No, I didn't see any focal species
A67: 43503.568 | B67: john.martin@ch2m.com | C67: Dayson Basin Marsh Transect - Marine Corps Support Facility Blount Island, County=Duval | D67: 43503 | E67: John Martin, Bo Hanan | J67: 0.37152778 | K67: 70-80F | L67: Light Wind | M67: No Rain | N67: All birds (includes focal and banded) | O67: High tide in marsh (unable to visit during low tide) | AU67: 2 | AX67: 9 | BC67: 6 | BJ67: No, I didn't see any focal species
A68: 43504.529 | B68: caity.reiland-smith@myfwc.com | C68: Deer Lake State Park, County=Walton | D68: 43498 | E68: Caity Reiland-Smith, Ezra Thompson | J68: 0.38888889 | K68: 50-60F | L68: Light Wind | M68: No Rain | N68: All birds (includes focal and banded) | P68: 0 | AF68: 20 | AI68: 4 | AY68: 2 | BJ68: Yes | BK68: 30.30079 | BL68: -86.08147 | BM68: 0 | BN68: 0 | BO68: 0 | BP68: 0 | BQ68: 0 | BR68: 0 | BS68: 0 | BT68: 0 | BU68: 4 | BV68: B:S//RK, Y:S//RO, S//:W//B, S(K/W)//Y:Y | BW68: 0 | BX68: 0 | BY68: 0 | BZ68: No, I didn't see any additional focal species
A69: 43504.4 | B69: karen.m.rogers@dep.state.fl.us | C69: Delnor-Wiggins Pass State Park, County=Collier | D69: 43501 | E69: Karen Rodgers | J69: 0.51388889 | K69: 70-80F | L69: Light Wind | M69: No Rain | N69: All birds (includes focal and banded) | P69: 0 | AF69: 2 | AU69: 1 | BC69: 10 | BE69: 5 | BJ69: No, I didn't see any focal species
A70: 43501.337 | B70: ryan@ecological-associates.com | C70: Disney Area Vero Beach, (John's Island to Wabasso Beach), County=Indian River | D70: 43500 | E70: Ryan Dulfer | J70: 0.375 | K70: 60-70F | L70: Light Wind | M70: No Rain | N70: All birds (includes focal and banded) | AF70: 7 | AM70: 17 | BB70: 11 | BC70: 10 | BE70: 21 | BJ70: No, I didn't see any focal species
A71: 43509.345 | B71: ryan@ecological-associates.com | C71: Disney Area Vero Beach, (John's Island to Wabasso Beach), County=Indian River | D71: 43500 | E71: Ryan Dulfer | J71: 0.375 | K71: 60-70F | L71: Light Wind | M71: No Rain | N71: All birds (includes focal and banded) | AF71: 7 | AM71: 17 | BB71: 11 | BC71: 10 | BE71: 21 | BJ71: No, I didn't see any focal species
A72: 43516.38 | B72: speacock@audubon.org | C72: Dog Island Franklin County, County=Franklin | D72: 43502 | E72: Sean Peacock, Paul Wharton | J72: 0.39583333 | L72: Calm | M72: No Rain | N72: All birds (includes focal and banded) | P72: 6 | R72: 7 | T72: 1 | AE72: 12 | AF72: 50 | AI72: 10 | AM72: 22 | AR72: 1 | AU72: 58 | AX72: 53 | AY72: 113 | BC72: 8 | BE72: 10 | BF72: 7 | BJ72: Yes | BK72: 29.7843 | BL72: -84.67184 | BM72: 0 | BO72: 0 | BQ72: 0 | BS72: 0 | BU72: 3 | BV72: S//W:X//BG | BW72: 0 | BZ72: Yes | CA72: 29.77932 | CB72: -84.67381 | CC72: 0 | CE72: 1 | CG72: 0 | CI72: 0 | CK72: 0 | CO72: FOTE 42, ROYT 2, RBGU 2 | CP72: Yes | CQ72: 29.77892 | CR72: -84.6728 | CS72: 0 | CU72: 0 | CW72: 0 | CY72: 0 | DA72: 3 | DB72: S//KY:X//R, X//Y:S(K/W)//B, S//W:X//RR | DC72: 0 | DF72: Yes | DG72: 29.78193 | DH72: -84.66253 | DI72: 0 | DK72: 0 | DM72: 0 | DQ72: 0 | DS72: 0 | DU72: FOTE 47, LAGU 6, ROYT 5, BRPE 26, RBGU 2, | DV72: Yes | DW72: 29.78346 | DX72: -84.66604 | DY72: 2 | EA72: 0 | EC72: 0 | EE72: 0 | EF72: 0 | EJ72: 0 | EL72: Yes | EM72: 29.78899 | EN72: -84.64453 | EO72: 2 | EQ72: 0 | ES72: 0 | EU72: 0 | EW72: 0 | EY72: 0 | FB72: Yes | FC72: 29.83316 | FD72: -84.57525 | FE72: 2 | FG72: 0 | FI72: 0 | FK72: 0 | FM72: 2 | FN72: S(G)//X:X//KB | FO72: 0 | FR72: Yes | FS72: 29.81822 | FT72: -84.5724 | FU72: 0 | FW72: 0 | FY72: 0 | GA72: 0 | GC72: 3 | GD72: X//b:S//X | GE72: 0 | GH72: No, I didn't see any more focal species
A73: 43515.351 | B73: rebekah.augustinowicz@charlottecountyfl.gov | C73: Don Pedro Island (not the state park), County=Charlotte | D73: 43503 | E73: Rebekah Augustinowicz, Susan Foley-pieri, Jamie Scudera | J73: 0.36458333 | M73: No Rain | N73: All birds (includes focal and banded) | P73: 0 | AF73: 1 | BE73: 2 | BF73: 1 | BJ73: No, I didn't see any focal species
A74: 43504.389 | B74: karen.m.rogers@dep.state.fl.us | C74: Don Pedro Island State Park, County=Charlotte | D74: 43497 | E74: Karen Rogers | J74: 0.44027778 | K74: 60-70F | L74: Calm | M74: No Rain | N74: All birds (includes focal and banded) | P74: 0 | AE74: 2 | BC74: 7 | BJ74: No, I didn't see any focal species
A75: 43503.342 | B75: John.Frosbutter@floridadep.gov | C75: Dr. Von D Mizell-Eula Johnson State Park, County=Broward | D75: 43501 | E75: John Frosbutter and Allison Scheflow | F75: 26.092046 | G75: -80.108043 | H75: 26.058567 | I75: -80.111526 | J75: 0.4375 | K75: 70-80F | L75: Calm | M75: No Rain | N75: All birds (includes focal and banded) | O75: John Frosbutter | P75: 0 | V75: 6 | AC75: 2 | AE75: 11 | BD75: 1 | BE75: 7 | BF75: 1 | BJ75: Yes | BK75: 26.075136 | BL75: -80.110075 | BQ75: 2 | BZ75: No, I didn't see any additional focal species
A76: 43502.405 | B76: hshort@audubon.org | C76: =O76 -> Dunedin Causeway - new survey route | D76: 43497 | E76: Holley Short | F76: 28.0509 | G76: -82.7977 | H76: 28.0587 | I76: -82.8105 | J76: 0.33541667 | K76: 50-60F | L76: Light Wind | M76: No Rain | N76: All birds (includes focal and banded) | O76: Dunedin Causeway - new survey route | P76: 2 | R76: 4 | Z76: 1 | AB76: 1 | AE76: 2 | AF76: 11 | AG76: 9 | AM76: 3 | AR76: 149 | AY76: 5 | BC76: 137 | BE76: 24 | BF76: 25 | BJ76: Yes | BK76: 28.0513 | BL76: -82.8003 | BM76: 2 | BZ76: Yes | CA76: 28.0551 | CB76: -82.8062 | CE76: 149 | CP76: No, I didn't see any more focal species
A77: 43502.636 | B77: birdman9@earthlink.net | C77: Dunlaton Bridge to Ponce Inlet, County=Volusia | D77: 43497 | E77: David Hartgrove, Joan Tague | J77: 0.70833333 | K77: 60-70F | L77: Light Wind | M77: No Rain | N77: Only focal birds | P77: 2 | BJ77: Yes | BK77: 29.148089 | BL77: -80.971389 | BM77: 2 | BN77: Too far away to see bands if there were any. | BZ77: No, I didn't see any additional focal species
A78: 43507.649 | B78: smccorkle@volusia.org | C78: Dunlaton Bridge to Ponce Inlet, County=Volusia | D78: 43497 | E78: M. Brothers; J. Winters; S. McCorkle | F78: 29.079023 | G78: -80.928574 | H78: 29.09276 | I78: -80.094851 | J78: 0.37152778 | K78: 60-70F | L78: Calm | M78: No Rain | N78: All birds (includes focal and banded) | O78: Sami McCorkle - New Surveyor; Same route origin, but not complete lap due to time constraints and boat issues | P78: 0 | R78: 14 | S78: 71 | T78: 5 | V78: 28 | AC78: 4 | AD78: 5 | AE78: 6 | AF78: 31 | AG78: 10 | AH78: 3 | AJ78: 1 | AM78: 1 | AN78: 3 | AR78: 1159 | AS78: 1 | AU78: 53 | AV78: 14 | AX78: 85 | AY78: 13 | BA78: 2 | BB78: 148 | BC78: 319 | BD78: 4 | BE78: 19 | BF78: 35 | BG78: 4 | BI78: 200 | BJ78: Yes | BK78: 29.07736 | BL78: -80.92714 | BM78: 0 | BO78: 1000 | BP78: NSF | BQ78: 0 | BS78: 0 | BU78: 0 | BW78: 0 | BY78: 251 laughing gulls; 117 hearing gulls | BZ78: Yes | CA78: 29.06395 | CB78: -80.91602 | CC78: 0 | CE78: 0 | CG78: 1 | CH78: no bands | CI78: 0 | CK78: 0 | CM78: 0 | CP78: Yes | CQ78: 29.06338 | CR78: -80.91842 | CS78: 0 | CU78: 0 | CW78: 1 | CX78: no bands | CY78: 0 | DA78: 0 | DC78: 0 | DF78: Yes | DG78: 26.0658 | DH78: -80.92075 | DI78: 0 | DK78: 0 | DM78: 2 | DN78: no bands | DO78: 0 | DQ78: 0 | DS78: 0 | DV78: Yes | DW78: 29.07038 | DX78: -80.92622 | DY78: 0 | EA78: 159 | EB78: no bands | EC78: 0 | EE78: 0 | EF78: 0 | EI78: no bands | EJ78: 3 | EK78: 2 banded brown pelicans, metal bands, unable to read | EL78: Yes | EM78: 29.09158 | EN78: -80.94319 | EO78: 0 | EQ78: 0 | ES78: 0 | EU78: 0 | EW78: 0 | EY78: 0 | FA78: 200 white pelicans | FB78: Yes | FC78: 29.09276 | FD78: -80.09485 | FE78: 0 | FG78: 0 | FI78: 0 | FK78: 0 | FM78: 0 | FO78: 0 | FQ78: 55 double-crested cormorants | FR78: No, I didn't see any more focal species
A79: 43503.574 | B79: john.martin@ch2m.com | C79: East Point Shoreline Transect - Marine Corps Support Facility Blount Island, County=Duval | D79: 43503 | E79: John Martin, Bo Hanan | J79: 0.5625 | K79: 70-80F | L79: Calm | M79: No Rain | N79: All birds (includes focal and banded) | AJ79: 2 | AS79: 2 | AT79: 2 | AX79: 158 | AY79: 4 | BA79: 1 | BC79: 13 | BE79: 6 | BF79: 2 | BJ79: No, I didn't see any focal species
A80: 43508.598 | B80: mclauzau@gmail.com | C80: Eastpoint Bars, County=Franklin | D80: 43501 | E80: Collette Lauzau | J80: 0.60416667 | L80: Calm | M80: No Rain | N80: All birds (includes focal and banded) | P80: 15 | R80: 22 | AE80: 5 | AM80: 9 | AU80: 23 | AV80: 3 | AX80: 8 | BC80: 6 | BE80: 42 | BJ80: Yes | BK80: 29.73372 | BL80: -84.87975 | BM80: 2 | BZ80: Yes | CA80: 29.73794 | CB80: -84.87229 | CC80: 4 | CP80: Yes | CQ80: 29.73982 | CR80: -84.8697 | CS80: 7 | DF80: Yes | DG80: 29.7338 | DH80: -84.88095 | DI80: 2 | DV80: No, I didn't see any more focal species
A81: 43508.405 | B81: ezra.thompson@myfwc.com | C81: Eastpoint Causeway, County=Franklin | D81: 43501 | E81: Ezra Thompson, Phillipp Maleko | J81: 0.725 | L81: Calm | M81: No Rain | N81: All birds (includes focal and banded) | P81: 1 | AJ81: 5 | AU81: 3 | AX81: 110 | BJ81: Yes | BK81: 29.73407 | BL81: -84.91046 | BM81: 1 | BN81: 0 | BO81: 0 | BP81: 0 | BQ81: 0 | BR81: 0 | BS81: 0 | BT81: 0 | BU81: 0 | BV81: 0 | BW81: 0 | BX81: 0 | BY81: DCCO-68 | BZ81: No, I didn't see any additional focal species
A82: 43524.425 | B82: bsamuelsen@audubon.org | C82: Eglin AFB - South Restricted, County=Gulf | D82: 43500 | E82: Bonnie Samuelsen; Janna Rinehart | J82: 0.47916667 | K82: 50-60F | L82: Medium Wind | M82: No Rain | N82: All birds (includes focal and banded) | O82: people with 5 dogs walking beach about half way thru route. We caught up with them, they turned around before flushing large flock | P82: 0 | R82: 2 | AE82: 1 | AF82: 1 | AM82: 3 | AR82: 5 | AS82: 13 | AU82: 1 | AY82: 34 | BB82: 2 | BC82: 61 | BE82: 22 | BF82: 8 | BJ82: Yes | BK82: 29.6667 | BL82: -85.347 | BM82: 0 | BN82: 0 | BO82: 5 | BP82: 0 | BQ82: 0 | BR82: 0 | BS82: 0 | BT82: 0 | BU82: 0 | BV82: 0 | BW82: 0 | BX82: 0 | BY82: Group > 50 = SNEG 1; ROYT 8; LAGU 61; RBGU 20; FOTE 34; BOGU 13; BBPL 1; RUTU 1; SAND 1; HERG 2; BRPE 1 | BZ82: No, I didn't see any additional focal species
A83: 43501.673 | B83: brail.stephens.1.ctr@us.af.mil | C83: Eglin AFB - South Restricted, County=Okaloosa | D83: 43497 | E83: Brail Stephens | J83: 0.41666667 | K83: 40-50F | L83: Medium Wind | M83: No Rain | N83: All birds (includes focal and banded) | R83: 7 | AF83: 306 | AI83: 31 | AM83: 28 | AU83: 45 | BB83: 2 | BE83: 1 | BJ83: Yes | BK83: 30.39695 | BL83: -86.64166 | BU83: 1 | BV83: None banded | BZ83: Yes | CA83: 30.39661 | CB83: -86.66201 | CK83: 1 | CL83: SNPL 1: -//-, S//- | CP83: Yes | CQ83: 30.39646 | CR83: -86.67393 | DA83: 7 | DB83: 4 of 7 banded: S//0,-//RB ; -//K,-//YO ; S//0,-//YR ; -//B,S//g | DE83: SAND - 3 | DF83: Yes | DH83: -86.72493 | DQ83: 2 | DR83: 2 of 2 banded: S//O,-//YK ; K//-,Y//- | DV83: Yes | DW83: 30.3938 | DX83: -86.73014 | EF83: 1 | EG83: S//KO,Ze//- | EK83: SAND - 3 | EL83: Yes | EM83: 30.39371 | EN83: -86.73089 | EW83: 2 | EX83: 2 of 2 banded: -//Y,-//OO ; -//Y,-//YG | FB83: Yes | FC83: 30.38819 | FD83: -86.79224 | FM83: 9 | FN83: 4 of 9 banded: S//O,-//BB ; S//O,-//BO ; -//b,-//KY ; -//WG,S//- | FR83: Yes | FS83: 30.38543 | FT83: -86.81594 | GC83: 1 | GD83: -//Y,-//BO | GG83: SAND - 3 | GH83: Yes | GI83: 30.385 | GJ83: -86.81995 | GS83: 1 | GT83: -//KY,S//- | GW83: SAND - 1 | GX83: Yes | GY83: 30.38467 | GZ83: -86.82296 | HI83: 2 | HJ83: None banded | HM83: SAND - 1 | HN83: Yes | HO83: 30.38409 | HP83: -86.82809 | HY83: 1 | HZ83: None banded | ID83: Yes | IE83: 30.38336 | IF83: -86.83396 | IO83: 2 | IP83: 2 of 2 banded: -//BR,S//- ; S//-,-//YR | IT83: Yes | IU83: 30.38336 | IV83: -86.84203 | JE83: 1 | JF83: -//-,S//W | JI83: SAND - 1 | JJ83: No, I didn't see any more focal species
A84: 43501.649 | B84: carolyn.gindl.ctr@us.af.mil | C84: Eglin Public, County=Okaloosa | D84: 43497 | E84: Carrie Gindl | J84: 0.36597222 | K84: 40-50F | L84: Calm | M84: No Rain | N84: All birds (includes focal and banded) | AE84: 7 | AF84: 27 | AI84: 3 | AU84: 3 | BE84: 1 | BJ84: Yes | BK84: 30.39068 | BL84: -86.55988 | BU84: 1 | BV84: none banded | BY84: SAND - 1, RUTU - 1 | BZ84: Yes | CA84: 30.38776 | CB84: -86.52773 | CK84: 1 | CL84: SNPL 1: -//BA, S//g | CO84: SAND - 1 | CP84: Yes | CQ84: 30.38743 | CR84: -86.52427 | DA84: 1 | DB84: unbanded | DF84: No, I didn't see any more focal species
A85: 43501.605 | B85: kathleen.gault@eglin.af.mil | C85: Eglin restricted North, County=Okaloosa | D85: 43497 | E85: Kathy Gault | J85: 0.34375 | K85: 50-60F | L85: Light Wind | M85: No Rain | N85: All birds (includes focal and banded) | R85: 12 | S85: 5 | T85: 1 | U85: 3 | AF85: 107 | AM85: 15 | AS85: 37 | AU85: 12 | AW85: 2 | AX85: 5 | BE85: 3 | BJ85: No, I didn't see any focal species
A86: 43520.58 | B86: pjarrett32@yahoo.com | C86: Estero Island, Ft. Myers Beach, County=Lee | D86: 43503 | E86: Penny Jarrett, Gloria Abramoff | J86: 0.33333333 | K86: 60-70F | L86: Light Wind | M86: No Rain | N86: All birds (includes focal and banded) | P86: 0 | AB86: 1 | AE86: 75 | AF86: 196 | AM86: 396 | AU86: 30 | AX86: 4 | BC86: 69 | BD86: 6 | BE86: 51 | BF86: 12 | BG86: 5 | BJ86: Yes | BK86: 26.444761 | BL86: -81.93729 | BM86: 0 | BN86: 0 | BO86: 0 | BP86: 0 | BQ86: 0 | BR86: 0 | BS86: 0 | BT86: 0 | BU86: 0 | BV86: 0 | BW86: 0 | BX86: 0 | BY86: 82 Willets, 44 Sanderlings | BZ86: Yes | CA86: 26.416713 | CB86: -81.904792 | CC86: 0 | CD86: 0 | CE86: 0 | CF86: 0 | CG86: 0 | CH86: 0 | CI86: 0 | CJ86: 0 | CK86: 0 | CL86: 0 | CM86: 0 | CN86: 0 | CO86: 37 Rudy Turnstones, 62 Sanderlings, 211 Willets, 5 Sandwich Terns, 1 Marbled Godwit, 1 Ring-billed gull | CP86: No, I didn't see any more focal species
A87: 43497.556 | B87: churley@edgewaterresources.com | C87: =O87 -> Fisher Island Private Beach | D87: 43497 | E87: Christie Hurley | F87: 25.761595 | G87: -80.134866 | H87: 25.756777 | I87: -80.137392 | J87: 0.30347222 | K87: 60-70F | L87: Light Wind | M87: No Rain | N87: All birds (includes focal and banded) | O87: Fisher Island Private Beach | AJ87: 2 | BJ87: No, I didn't see any focal species
A88: 43516.408 | B88: speacock@audubon.org | C88: Flag Island, County=Franklin | D88: 43501 | E88: Sean Peacock, Beth Wright | J88: 0.63611111 | L88: Calm | M88: No Rain | N88: All birds (includes focal and banded) | P88: 2 | R88: 1 | S88: 25 | Z88: 5 | AC88: 1 | AD88: 2 | AE88: 1 | AF88: 36 | AG88: 6 | AI88: 1 | AR88: 146 | AX88: 1 | AY88: 110 | BB88: 59 | BC88: 106 | BE88: 2 | BF88: 93 | BJ88: Yes | BK88: 29.62591 | BL88: -85.14962 | BM88: 0 | BO88: 1 | BQ88: 0 | BS88: 2 | BU88: 0 | BY88: DUNL 5, HEGU 53, ROYT 33, DCCO 1, FOTE 52, LAGU 78, SAND 2, SBDO 3, RUTU 1 | CA88: 29.62633 | CB88: -85.15321 | CC88: 0 | CE88: 146 | CG88: 1 | CI88: 0 | CK88: 0 | CM88: 0 | CO88: SBDO 2, LAGU 28, HEGU 6, RBGU 2, FOTE 58, ROYT 60, | CP88: Yes | CQ88: 29.62658 | CR88: -85.15282 | CS88: 2 | CU88: 0 | CW88: 0 | CY88: 0 | DA88: 0 | DC88: 0 | DE88: DUNL 20, SAND 3, SEPL 4, | DF88: Yes | DG88: 29.6273 | DH88: -85.1521 | DI88: 0 | DK88: 0 | DM88: 0 | DO88: 0 | DQ88: 1 | DS88: 0 | DU88: SAND 2 | DV88: No, I didn't see any more focal species
A89: 43518.567 | B89: bob_showler@nps.gov | C89: Flamingo Area, Everglades National Park, County=Monroe | D89: 43502 | E89: Bob Showler | F89: 25.135833 | G89: -80.938611 | H89: 25.141389 | I89: -80.916389 | J89: 0.51041667 | K89: 70-80F | L89: Light Wind | M89: No Rain | N89: All birds (includes focal and banded) | O89: Sunny, warm. | P89: 0 | Q89: 2 | R89: 3 | S89: 10 | T89: 3 | AM89: 43 | AP89: 155 | AU89: 6 | AX89: 4 | BC89: 29 | BE89: 2 | BI89: 7 | BJ89: No, I didn't see any focal species
A90: 43503.34 | B90: jason.allgood@dep.state.fl.us | C90: Fort Clinch State Park, County=Nassau | D90: 43497 | E90: Jason Allgood, Michelle Tabor | J90: 0.4375 | K90: 50-60F | L90: Breezy | M90: No Rain | N90: All birds (includes focal and banded) | AF90: 13 | AR90: 11 | AU90: 1 | AY90: 4 | BC90: 302 | BD90: 11 | BE90: 54 | BJ90: Yes | BK90: 30.700584 | BL90: -81.42538 | BO90: 13 | BZ90: No, I didn't see any additional focal species
A91: 43501.599 | B91: donlocomm@aol.com | C91: Fort De Soto Park North, County=Pinellas | D91: 43501 | E91: Lorraine Margeson | J91: 0.33333333 | K91: 60-70F | L91: Calm | N91: All birds (includes focal and banded) | P91: 0 | R91: 5 | AC91: 2 | AE91: 2 | AF91: 6 | AM91: 12 | AY91: 1 | BB91: 1 | BC91: 7 | BE91: 4 | BJ91: Yes | BK91: 27.645177 | BL91: -82.74296 | BM91: 0 | BO91: 0 | BQ91: 2 | BS91: 0 | BU91: 0 | BW91: 0 | BZ91: No, I didn't see any focal species
A92: 43502.874 | B92: president@westpascoaudubon.com | C92: =O92 -> Fort Howard Beach (at the end of Fred Howard Causeway) | D92: 43502 | E92: Christine Rowland, Peter Day, Bradley Day, Anthony Marella, Pamela Graber, Merle and Jo Hubbard | F92: 28.154328 | G92: -82.804277 | H92: 28.152783 | I92: -82.807178 | J92: 0.29166667 | K92: 60-70F | M92: No Rain | N92: All birds (includes focal and banded) | O92: Fort Howard Beach (at the end of Fred Howard Causeway) | P92: 0 | R92: 2 | S92: 1 | T92: 1 | U92: 2 | AC92: 2 | AE92: 13 | AF92: 2 | AG92: 9 | AR92: 55 | AU92: 13 | AV92: 5 | AX92: 110 | AY92: 1 | BB92: 2 | BC92: 66 | BE92: 9 | BF92: 57 | BJ92: Yes | BK92: 28.153615 | BL92: -82.804045 | BM92: 0 | BO92: 2 | BP92: 0 | BQ92: 0 | BS92: 0 | BT92: 0 | BU92: 0 | BV92: 0 | BW92: 0 | BZ92: Yes | CA92: 28.154362 | CB92: -82.804174 | CC92: 0 | CE92: 0 | CG92: 1 | CH92: 0 | CI92: 0 | CK92: 0 | CM92: 0 | CP92: Yes | CQ92: 28.155346 | CR92: -82.807232 | CS92: 0 | CU92: 35 | CV92: 0 | CW92: 0 | CX92: 0 | CY92: 0 | CZ92: 0 | DA92: 0 | DB92: 0 | DC92: 0 | DF92: Yes | DG92: 28.15424 | DH92: -82.806534 | DI92: 0 | DJ92: 0 | DK92: 0 | DM92: 1 | DN92: Upper left S 866 over 708 lower left Y 064 Upper right O Lower right O/Y (will report to plover@umn.edu w/photos & video) | DO92: 0 | DQ92: 0 | DS92: 0 | DV92: Yes | DW92: 28.152754 | DX92: -82.805633 | DY92: 0 | EA92: 6 | EB92: 0 | EC92: 0 | EE92: 0 | EF92: 0 | EJ92: 0 | EL92: Yes | EM92: 28.153144 | EN92: -82.804303 | EO92: 0 | EQ92: 12 | ER92: 0 | ES92: 0 | EU92: 0 | EW92: 0 | EY92: 0 | FB92: No, I didn't see any more focal species
A93: 43515.492 | B93: irateparrot@aol.com | C93: =O93 -> Fort Matanzas N M Rattlesnake Island | D93: 43503 | E93: Peggy R Cook | F93: 29.718131 | G93: -81.249476 | H93: 29.701838 | I93: -81.232736 | J93: 0.39583333 | K93: 60-70F | L93: Light Wind | M93: No Rain | N93: All birds (includes focal and banded) | O93: Fort Matanzas N M Rattlesnake Island | P93: 0 | AS93: 1 | AU93: 34 | AX93: 5 | AY93: 10 | BC93: 25 | BE93: 20 | BJ93: No, I didn't see any focal species
A94: 43515.447 | B94: irateparrot@aol.com | C94: Fort Matanzas National Monument, County=St. Johns | D94: 43497 | E94: Peggy R Cook, Kurt Foote, Lydia Schlindler, Jean Olbert, Dave W. | J94: 0.375 | K94: 60-70F | L94: Medium Wind | M94: No Rain | N94: All birds (includes focal and banded) | P94: 0 | R94: 1 | S94: 50 | V94: 17 | AE94: 4 | AF94: 2 | AG94: 36 | AK94: 26 | AM94: 4 | AN94: 3 | AR94: 380 | AS94: 4 | AU94: 20 | AX94: 1 | AY94: 14 | BA94: 2 | BC94: 171 | BE94: 11 | BF94: 16 | BJ94: Yes | BK94: 29.706028 | BL94: -81.230476 | BM94: 0 | BN94: 0 | BO94: 380 | BP94: USFW Left Silver Rt Red E7 Reported, Band 2 USFW Reported | BQ94: 0 | BR94: 0 | BS94: 0 | BT94: 0 | BU94: 0 | BV94: 0 | BW94: 3 | BX94: No Bands | BY94: Royal Terns 4 Silver Band Could not read # | BZ94: No, I didn't see any additional focal species
A95: 43519.714 | B95: birdgirl7576@gmail.com | C95: =O95 -> FSUCML-Summer Camp-Turkey Point-Bay North (note: longer version of old Turkey Pt. route) | D95: 43502 | E95: Elizabeth Wright | F95: 29.91607 | G95: -84.4394 | J95: 0.57638889 | K95: 60-70F | L95: Light Wind | M95: No Rain | N95: All birds (includes focal and banded) | O95: FSUCML-Summer Camp-Turkey Point-Bay North (note: longer version of old Turkey Pt. route) | AE95: 1 | AM95: 6 | AU95: 2 | AX95: 14 | BE95: 36 | BJ95: Yes | BK95: 29.91883 | BL95: -84.47693 | BY95: 1 BRPE 12 DCCO 36 RBGU | BZ95: No, I didn't see any additional focal species
A96: 43503.37 | B96: birdbill5@aol.com | C96: Ft. Clinch to Peter's Point, County=Nassau | D96: 43502 | E96: Bill George and Cathy Ryckman | J96: 0.53472222 | K96: 70-80F | L96: Calm | M96: No Rain | N96: All birds (includes focal and banded) | AD96: 2 | AE96: 9 | AF96: 40 | AM96: 3 | AP96: Purple Sandpaiper-1 | AR96: 9 | AU96: 3 | AV96: 1 | AX96: 4 | BA96: 1 | BB96: 2 | BC96: 276 | BD96: 2 | BE96: 227 | BF96: 38 | BJ96: Yes | BK96: 30.7099 | BL96: -81.4262 | BO96: 9 | BP96: none | BS96: 2 | BT96: none | BY96: Purple Sandpiper | BZ96: No, I didn't see any additional focal species
A97: 43511.641 | B97: tandl1621@gmail.com | C97: Ft. De Soto Park East (Bay Pier to East Beach), County=Pinellas | D97: 43503 | E97: Barb & Dave Howard for Tom & Lindsay Bell | J97: 0.375 | N97: Only focal birds | P97: 0 | BJ97: No, I didn't see any focal species
A98: 43502.552 | B98: hshort@audubon.org | C98: Ft. De Soto Park West, County=Pinellas | D98: 43501 | E98: Holley Short | J98: 0.30138889 | K98: 50-60F | L98: Calm | M98: No Rain | N98: All birds (includes focal and banded) | P98: 0 | AM98: 9 | AX98: 6 | AY98: 8 | BB98: 1 | BC98: 100 | BE98: 6 | BJ98: No, I didn't see any focal species
A99: 43507.481 | B99: liz@ecological-associates.com | C99: Ft. Pierce Shore Protection Project, County=St. Lucie | D99: 43501 | E99: Elizabeth Ranalli | F99: 27.4706 | G99: -80.2902 | H99: 27.43551 | I99: -80.2776 | J99: 0.48402778 | K99: 60-70F | L99: Light Wind | M99: No Rain | N99: All birds (includes focal and banded) | P99: 0 | AF99: 3 | AG99: 14 | BC99: 4 | BE99: 13 | BJ99: No, I didn't see any focal species
A100: 43502.341 | B100: liz@ecological-associates.com | C100: Ft. Pierce Shore Protection Project, County=St. Lucie | D100: 43501 | E100: Liz Ranalli | F100: 27.4706 | G100: -80.2902 | H100: 27.43551 | I100: -80.2776 | J100: 0.48402778 | K100: 60-70F | L100: Light Wind | M100: No Rain | N100: All birds (includes focal and banded) | P100: 0 | AF100: 3 | AG100: 14 | BC100: 4 | BE100: 13 | BJ100: No, I didn't see any focal species
...

Sheet Summary
A1: American Oystercatcher | B1: American Avocet | C1: Back-bellied Plover | D1: Dunlin | E1: Greater Yellowlegs | F1: Killdeer | G1: Least Sandpiper | H1: Lesser Yellowlegs | I1: Long-billed Curlew | J1: Long-billed Dowitcher | K1: Marbled Godwit | L1: Piping Plover | M1: Red Knot | N1: Ruddy Turnstone | O1: Sanderling | P1: Semi-palmated Plover | Q1: Semi-palmated Sandpiper | R1: Short-billed Dowitcher | S1: Snowy Plover | T1: Spotted Sandpiper | U1: Western Sandpiper (if not sure, put in Sandpiper species count at end) | V1: Whimbrel | W1: Willet | X1: Wilson's Plover | Y1: Wilson's Snipe
A2: =SUM('Form Responses 1'!P7:P378) -> 2803 | B2: =SUM('Form Responses 1'!Q7:Q378) -> 395 | C2: =SUM('Form Responses 1'!R7:R378) -> 2995 | D2: =SUM('Form Responses 1'!S7:S378) -> 10717 | E2: =SUM('Form Responses 1'!T7:T378) -> 351 | F2: =SUM('Form Responses 1'!U7:U378) -> 347 | G2: =SUM('Form Responses 1'!V7:V378) -> 1378 | H2: =SUM('Form Responses 1'!W7:W378) -> 409 | ... J2: =SUM('Form Responses 1'!Y7:Y378) -> 1097 | K2: =SUM('Form Responses 1'!AB7:AB378) -> 577 | L2: =SUM('Form Responses 1'!AC7:AC378) -> 308 | M2: =SUM('Form Responses 1'!AD7:AD378) -> 1194 | N2: =SUM('Form Responses 1'!AE7:AE378) -> 3367 | O2: =SUM('Form Responses 1'!AF7:AF378) -> 11409 | P2: =SUM('Form Responses 1'!AG7:AG378) -> 4573 | Q2: =SUM('Form Responses 1'!AH7:AH378) -> 85 | R2: =SUM('Form Responses 1'!Z7:Z378) -> 4170 | S2: =SUM('Form Responses 1'!AI7:AI378) -> 327 | T2: =SUM('Form Responses 1'!AJ7:AJ378) -> 110 | U2: =SUM('Form Responses 1'!AK7:AK378) -> 4914 | V2: =SUM('Form Responses 1'!AL7:AL378) -> 50 | W2: =SUM('Form Responses 1'!AM7:AM378) -> 5311 | X2: =SUM('Form Responses 1'!AN7:AN378) -> 284 | Y2: =SUM('Form Responses 1'!AO7:AO378) -> 35
A4: Black Skimmer | B4: Bonaparte's Gull | C4: Brown Booby | D4: Brown Pelican | E4: Caspian Tern | F4: Common Tern | G4: Double-crested Cormorant | H4: Forster's Tern | I4: Glaucous Gull | J4: Great Black-backed Gull | K4: Herring Gull | L4: Laughing Gull | M4: Lesser Black-backed Gull | N4: Ring-billed Gull | O4: Royal Tern | P4: Sandwich Tern | Q4: Vega Gull | R4: White Pelican
A5: =SUM('Form Responses 1'!AR4:AR378) -> 7879 | B5: =SUM('Form Responses 1'!AS4:AS378) -> 515 | C5: =SUM('Form Responses 1'!AT4:AT378) -> 2 | D5: =SUM('Form Responses 1'!AU4:AU378) -> 2761 | E5: =SUM('Form Responses 1'!AV4:AV378) -> 485 | F5: =SUM('Form Responses 1'!AW4:AW378) -> 40 | G5: =SUM('Form Responses 1'!AX4:AX378) -> 4242 | H5: =SUM('Form Responses 1'!AY4:AY378) -> 3341 | ... R5: =SUM('Form Responses 1'!BI4:BI378) -> 2605
B7: =COUNTA('Form Responses 1'!A4:A378) -> 275

Sheet Transect_Total

Sheet Graphs
A1: Winter Shorebird Survey (2019)
A2: Total Number of Surveys Entered: | D2: =Summary!B7 -> 275
A4: Number of Shorebirds
A24: Number of Seabirds
